group_review,id_revue,issn_p,issn_e
G1,2,0002-0478,1782-138X
G1,3,0247-3739,1963-1707
G1,5,0180-8214,2272-8988
G1,6,0014-0759,2111-4579
G1,9,0590-0239,1777-5787
G1,10,0246-2346,2111-4587
G1,13,0182-2411,2108-6753
G1,14,1762-3162,2271-6815
G1,14,1241-5294,
G1,15,0184-7783,1950-6236
G1,16,0152-0768,2101-0390
G1,17,0765-1333,1968-3898
G1,19,0033-0884,2108-6648
G1,19,0033-0884,2108-6648
G1,22,1771-8848,2264-5306
G1,24,0035-2578,1963-1790
G1,25,0035-2950,1950-6686
G1,26,0035-2969,1958-5691
G1,28,0335-5322,1955-2564
G1,29,0003-4436,1952-403X
G1,30,0003-7176,2552-0563
G1,36,0008-008X,1777-5264
G1,38,0008-0217,2270-5570
G1,39,0008-0276,1969-6787
G1,41,1285-087X,2553-825X
G1,42,1148-2664,2102-5991
G1,45,1290-7839,1777-554X
G1,46,1157-996X,1777-5345
G1,48,2105-7508,2117-5969
G1,53,1240-8093,1777-5582
G1,53,2110-7017,2542-6869
G1,54,0014-1941,2102-5800
G1,55,0046-4910,2804-0414
G1,56,0337-307X,1958-5764
G1,57,1626-1429,2116-2344
G1,58,1155-3219,1776-2944
G1,60,0338-487X,1776-2987
G1,65,1145-1378,2104-3698
G1,66,0066-2399,1969-6760
G1,71,0243-6450,1960-6001
G1,74,1265-9576,1777-5647
G1,74,0751-6614,2741-9258
G1,76,0032-342X,1958-8992
G1,77,0758-1726,2119-4831
G1,77,0758-1726,2119-4831
G1,78,0295-2319,1953-8286
G1,80,0335-2013,2105-2654
G1,82,0751-7971,1777-5809
G1,84,0987-3368,1777-5744
G1,85,0035-2764,1950-6694
G1,86,0152-7401,1965-0620
G1,88,1151-2385,2105-2867
G1,89,0294-0833,2257-2813
G1,90,1266-7862,2119-3851
G1,91,0035-3264,2104-3825
G1,92,1370-0731,1782-1533
G1,93,1287-1672,2104-3876
G1,95,2554-3415,2554-3555
G1,95,0040-7356 1293-8882,1963-1359
G1,96,0996-6994,1775-4232
G1,98,2649-664X,2649-6100
G1,98,0294-1759,1950-6678
G1,101,1270-6841,2101-0366
G1,105,0223-5439,2669-6541
G1,106,1777-375X,2108-6583
G1,111,0002-5712,2551-9409
G1,112,1634-6386,2108-6575
G1,115,0769-489X,2272-6497
G1,115,2115-4430,1968-3863
G1,143,1622-1494,2111-434X
G1,170,2428-2111,2431-3467
G1,170,0012-4508,1777-5868
G1,181,0249-4744,1777-5795
G1,181,0338-4217,2547-4030
G1,182,1293-6146,1965-0612
G1,186,2827-6329,2967-428X
G1,186,1956-922X,2967-4271
G1,189,0014-0481,1961-8700
G1,205,0295-4397,2271-7943
G1,207,1142-852X,2262-3353
G1,207,3075-6812,3076-6338
G1,208,0018-7372,2271-1791
G1,215,0336-1454,1777-5574
G1,215,0423-5681,2437-2269
G1,226,2260-166X,2273-2438
G1,226,0769-0975,2796-6453
G1,244,1767-3755,2271-1929
G1,275,2554-7011,2555-9699
G1,307,1165-2675,2553-615X
G1,316,0038-0296,1777-5701
G1,317,1021-9013,1996-4609
G1,318,0304-3274,1684-3436
G1,324,0244-7827,2264-5047
G1,344,0035-0974,2605-7913
G1,349,0154-3229,1773-0198
G1,350,0338-0599,2259-6100
G1,350,0035-1415,2259-6097
G1,351,1768-6520,1760-6233
G1,352,0252-8290,
G1,353,0338-4551,1777-5663
G1,354,0769-0479,1760-7388
G1,356,0035-3337,1953-8111
G1,357,0304-3037,2222-4610
G1,362,1168-1446,2275-2145
G1,362,0998-8262,2823-099X
G1,366,0756-2640,2822-8855
G1,378,0224-4365,1775-416X
G1,397,0242-6870,2496-8617
G1,411,1764-2507,2104-3671
G1,415,1761-7146,3039-1172
G1,419,1633-5961,2259-8901
G1,422,0767-9513,1963-1006
G1,426,0066-3085,2105-2948
G1,444,1660-7880,1662-8667
G1,448,1620-9869,2258-7748
G1,450,1761-7677,2777-8479
G1,451,1291-6412,1776-2995
G1,453,1150-1944,1950-6899
G1,459,1278-3986,2109-9561
G1,473,2427-1950,2822-759X
G1,478,1950-1684,1775-397X
G1,479,1958-3370,1760-8023
G1,482,,2273-0095
G1,482,,2273-0095
G1,487,1141-7161,2268-4247
G1,493,1623-6297,2105-2875
G1,496,0987-1381,2105-2956
G1,499,1774-5314,1961-8670
G1,500,0066-2062,1776-2774
G1,500,1147-1832,2612-8438
G1,501,0751-7696,1969-6736
G1,502,1764-1977,1776-2766
G1,503,1253-1472,1969-6744
G1,504,0003-9837,1965-0531
G1,505,0994-4524,1969-6728
G1,506,0003-9632,1769-681X
G1,507,0035-0737,2104-3868
G1,508,0373-6032,2104-3817
G1,509,1992-0490,1996-5753
G1,510,1262-3490,1969-6949
G1,511,1299-5495,1969-6876
G1,512,1288-6629,1776-2782
G1,513,0762-7491,1776-2790
G1,514,0337-3126,1776-2804
G1,515,0335-7899,1951-6290
G1,516,1370-074X,1782-1401
G1,517,2496-4476,2553-6087
G1,517,2260-2100,2273-1571
G1,517,1266-5371,1961-8638
G1,518,0008-9664,1782-141X
G1,519,1372-8202,1782-1398
G1,520,1015-8154,2235-2090
G1,521,0070-6760,1760-7892
G1,522,0242-8962,1961-8662
G1,523,0419-1633,2077-5253
G1,524,1765-0887,1965-0167
G1,525,1279-5127,1963-1014
G1,526,0769-3362,1969-6973
G1,527,0378-7931,2296-4096
G1,528,0012-4273,1969-6965
G1,530,1245-4060,1782-1517
G1,531,0304-3363,1684-3428
G1,532,0046-2497,1776-2936
G1,533,0071-190X,1965-0477
G1,534,1152-3336,1776-2812
G1,535,0013-7545,1969-6981
G1,536,1761-2861,1951-6231
G1,537,1286-5559,1776-2820
G1,538,1373-847X,1782-1428
G1,540,1287-258X,1776-2839
G1,541,0014-195X,1965-0159
G1,542,0046-2616,2101-0064
G1,544,1623-3883,1776-2847
G1,545,1295-926X,1958-5802
G1,546,1154-5232,1950-6716
G1,548,1254-728X,1950-666X
G1,549,1628-9676,1965-0183
G1,551,0020-0123,1961-8689
G1,552,1267-4982,1965-0256
G1,553,1778-7807,1951-6258
G1,554,0046-9459,2101-0374
G1,555,1260-5999,1776-2855
G1,556,,2032-5355
G1,557,1262-0386,1965-0523
G1,558,0014-2166,2101-0056
G1,559,2426-296X,2426-3648
G1,559,2650-3891,2678-6060
G1,559,1146-061X,1951-6304
G1,560,0018-4306,2101-0226
G1,561,0027-2671,1961-8646
G1,561,0398-8120,2419-8900
G1,561,0398-8147,
G1,562,0181-4095,2101-0382
G1,563,0302-3052,1782-1444
G1,565,0292-0107,1777-5841
G1,566,1780-9231,1782-1452
G1,568,1951-9532,1961-8697
G1,569,1636-3671,1951-624X
G1,570,0035-1652,1760-8430
G1,571,1682-346X,1684-3592
G1,572,1634-2941,1958-9190
G1,573,0032-4663,1957-7966
G1,574,1376-0963,1782-1479
G1,575,1770-0078,1951-6320
G1,576,0079-726X,2102-5320
G1,577,0251-737X,2235-2104
G1,578,1245-2092,1782-1487
G1,579,,1760-5393
G1,579,,1760-5393
G1,580,1291-1941,1950-6708
G1,581,1956-7413,2119-3975
G1,582,1144-0821,2102-5819
G1,583,1247-4819,1776-3053
G1,584,1813-2731,1813-274X
G1,585,0770-4518,1782-1495
G1,586,1774-9743,1951-6282
G1,587,1767-5448,1965-0213
G1,588,1560-7798,1684-3452
G1,589,0255-0830,1684-3444
G1,590,0397-7870,1776-3061
G1,591,1386-1204,1875-368X
G1,592,0035-2942,2105-2964
G1,593,1164-4796,2105-2603
G1,594,1966-6608,2104-3833
G1,595,0035-2411,2105-2689
G1,596,0048-8003,1776-3045
G1,596,0996-2727,2420-0344
G1,596,0996-2743,2419-6622
G1,597,1622-468X,1963-1022
G1,598,1010-8831,1782-1525
G1,599,0223-5404,1951-6312
G1,600,0035-1466,1965-0264
G1,601,0027-2841,1782-1436
G1,602,0035-1571,2102-5177
G1,603,0035-3833,2104-385X
G1,604,0297-1194,1776-2863
G1,605,0034-2971,1782-1509
G1,606,1167-4687,1961-8719
G1,607,0034-1258,2104-3884
G1,608,1634-3298,1776-2871
G1,609,2678-9035,2105-2182
G1,609,1765-8888,2729-0352
G1,610,1378-1863,1782-1541
G1,610,2118-5735,2118-5743
G1,611,1265-2067,1776-288X
G1,612,0765-3697,1782-155X
G1,613,1295-9278,2104-3787
G1,614,1278-4699,1951-6274
G1,615,0995-3914,2104-3841
G1,616,0247-106X,1782-1568
G1,617,0250-4952,2235-2112
G1,618,0041-1868,2104-3663
G1,619,0082-6049,1782-1576
G1,620,0040-9375,1965-0604
G1,621,1620-5340,2102-5150
G1,622,1627-9506,2104-3779
G1,623,0396-8669,1776-2898
G1,629,0769-0959,1960-6176
G1,630,0240-8910,1961-960X
G1,631,1243-969X,1778-7432
G1,632,1628-6731,1777-5175
G1,633,,1609-9168
G1,634,,1954-3778
G1,635,0335-5985,1777-5825
G1,635,0003-9659,2268-2872
G1,636,,1762-6110
G1,637,,2117-3869
G1,637,1245-1436,1954-3646
G1,637,,2117-3869
G1,639,,1958-9271
G1,639,,1958-9271
G1,640,1623-5770,
G1,640,1623-5770,
G1,641,0037-8984,1777-5469
G1,642,,1957-7761
G1,642,,1957-7761
G1,643,0395-9317,1773-0201
G1,644,1287-471X,1773-021X
G1,645,1272-9752,1955-2424
G1,645,2115-6360,2273-0893
G1,646,0008-0055,1777-5353
G1,647,0764-9878,1777-5396
G1,648,,1963-1197
G1,648,,1963-1197
G1,649,0373-5834,1961-8603
G1,649,3001-2139,3001-591X
G1,650,1252-6576,1777-5388
G1,650,3038-0979,3038-4222
G1,650,0008-0160,1968-3677
G1,651,,1777-5272
G1,651,,1777-5272
G1,652,1248-0568,1996-4978
G1,652,,2308-6122
G1,653,1252-7017,1777-5299
G1,654,,1958-9212
G1,654,,1958-9212
G1,655,2033-5709,1783-094X
G1,656,1268-5631,1777-5337
G1,657,1638-9808,1765-3126
G1,658,1376-2095,
G1,658,,1379-6100
G1,659,,1278-3366
G1,659,,1278-3366
G1,660,,1772-9971
G1,660,,1772-9971
G1,661,,1963-1723
G1,661,,1963-1723
G1,662,0184-1068,1955-2432
G1,663,1373-8496,1778-7440
G1,664,1245-2084,1953-809X
G1,664,2969-0072,1953-809X
G1,665,0339-3267,2513-6119
G1,666,,1951-6169
G1,666,,1951-6169
G1,667,1779-0980,1961-859X
G1,668,1270-9050,1777-5302
G1,669,0014-2182,1777-537X
G1,670,,1991-9336
G1,671,,1773-0546
G1,671,,1773-0546
G1,672,1766-2842,1957-7753
G1,673,1627-4873,1960-601X
G1,673,1164-6268,1968-3669
G1,673,0035-113X,2257-2430
G1,673,1164-6284,1968-3707
G1,674,1266-5304,1957-777X
G1,675,0982-1783,1957-7745
G1,676,0439-4216,1953-8103
G1,677,1288-6289,1950-6031
G1,678,1146-6480,1960-6052
G1,679,0037-9174,1957-7842
G1,680,0399-0346,1957-7850
G1,680,0037-9166,2419-655X
G1,681,,1958-9247
G1,681,,1958-9247
G1,682,,1769-7069
G1,682,,1769-7069
G1,683,0987-6936,1950-6821
G1,684,0751-2708,1777-5892
G1,685,1626-0600,1769-7379
G1,686,,1957-7788
G1,686,,1957-7788
G1,687,1275-7691,1773-0228
G1,688,,1626-0252
G1,688,,1626-0252
G1,689,,1765-2812
G1,690,1283-8594,1777-5280
G1,691,0220-6617,1951-6207
G1,691,0035-0753,2540-5373
G1,692,0769-0886,1955-2416
G1,693,0986-6124,1958-9239
G1,694,,1957-7796
G1,694,1288-5967,1950-2737
G1,694,,1957-7796
G1,695,1287-2431,3038-8384
G1,695,1962-9419,1777-540X
G1,696,1265-1354,1777-5329
G1,696,0765-0191,2613-2826
G1,696,1155-8792,2613-2818
G1,696,1155-8814,2613-2796
G1,696,1155-8806,2613-280X
G1,697,0035-1423,2105-2573
G1,698,0997-1327,2105-2271
G1,698,0035-1474,1968-3685
G1,699,0765-0752,1777-5418
G1,701,0986-8410,1777-5426
G1,701,2103-4001,2119-4696
G1,702,1280-374X,1777-5434
G1,703,0761-2990,1957-780X
G1,704,,1953-8375
G1,705,1276-8707,1773-018X
G1,706,,1992-2655
G1,707,,1950-6724
G1,707,,1950-6724
G1,708,,1960-6060
G1,708,,1960-6060
G1,709,0768-8067,1777-5442
G1,710,0248-6016,1952-420X
G1,711,0760-5668,1777-5450
G1,712,1763-0061,1963-1812
G1,713,,1765-2766
G1,713,,1765-2766
G1,717,0003-4010,1777-5884
G1,718,0395-2649,1953-8146
G1,718,0003-441X,2420-0018
G1,718,1243-258X,2420-4641
G1,718,1243-2563,2437-2315
G1,718,1243-2571,2420-465X
G1,719,0336-1500,1778-7459
G1,719,1268-7251,2269-6156
G1,720,0752-5702,1777-5906
G1,721,0458-726X,1958-9549
G1,722,0003-5033,1955-2580
G1,723,1777-7852,2269-7721
G1,724,0180-7307,2107-0865
G1,725,1294-6303,2105-2174
G1,729,0373-6237,1953-8138
G1,730,0007-4217,2241-0104
G1,731,0249-7638,1760-7361
G1,732,0336-1519,1760-737X
G1,734,0153-3320,1960-6028
G1,735,0755-7256,1955-270X
G1,737,1154-2721,1958-9557
G1,737,1162-9630,2547-3964
G1,738,0023-8368,1957-7982
G1,739,1627-4970,1960-5994
G1,740,0769-3206,1952-4226
G1,741,0223-4874,2036-0258
G1,742,1146-1225,1960-6648
G1,742,0755-8287,1968-3650
G1,743,0153-9345,1957-701X
G1,744,1262-1676,1960-6656
G1,745,1142-2904,1965-0795
G1,745,0004-5500,2804-1836
G1,746,1240-3474,1960-6664
G1,747,0035-1121,1760-7426
G1,747,0249-6178,1968-3693
G1,748,0035-1326,1953-812X
G1,749,0151-4105,1969-6582
G1,749,0048-7996,2741-924X
G1,750,0484-8942,1963-1693
G1,751,0048-8593,1957-7958
G1,752,0014-2115,2426-5543
G1,754,1958-7856,1958-5535
G1,757,0035-2985,2111-4358
G1,764,0242-5637,2105-2670
G1,765,0588-8018,2102-5924
G1,766,0065-0536,1969-6663
G1,768,1105-2201,1791-7077
G1,769,1771-1347,1969-654X
G1,769,0181-6799,2547-4553
G1,770,0752-5648,2437-2420
G1,770,0752-563X,2437-2412
G1,771,0048-7988,2109-9502
G1,772,0039-7946,2076-8435
G1,773,0084-6473,1969-6752
G1,774,0154-8344,1969-6779
G1,775,1268-5399,1969-6809
G1,776,1954-1228,1969-6957
G1,777,1161-2770,2100-9864
G1,778,0752-6180,2101-0145
G1,779,0984-2292,2101-0137
G1,780,0151-0193,2101-0218
G1,781,1298-6216,2101-0269
G1,782,2555-5111,2608-1008
G1,782,1287-7352,2102-5169
G1,783,0075-966X,2101-0234
G1,784,1621-5338,1950-604X
G1,785,2269-7195,2271-734X
G1,785,1490-4756,
G1,786,1768-5958,1969-6574
G1,787,0025-8296,1760-8538
G1,788,0029-182X,1760-8546
G1,789,2031-9703,2032-0043
G1,790,0373-2630,2105-2883
G1,791,1628-0482,2101-003X
G1,792,0048-8143,2033-0138
G1,793,2262-8401,2430-3275
G1,793,1260-1705,2105-2662
G1,794,1951-0187,2105-3022
G1,796,1262-2966,2104-404X
G1,803,1147-7423,3000-0513
G1,803,0013-0494,2801-0620
G1,808,0047-4800,1958-5926
G2,811,0291-4700,2102-5940
G2,811,2111-8779,2802-2262
G2,813,0044-8613,2104-3655
G2,814,0013-0559,2105-2581
G2,814,1146-9374,2263-3138
G2,815,0300-953X,1760-7256
G2,816,1145-3370,2101-0420
G2,818,0221-8852,2102-5401
G2,819,0750-8069,1638-1580
G2,820,1156-0428,2114-2203
G2,820,0249-7476,2801-9695
G2,824,0303-7495,2076-5827
G2,825,0943-8254,2823-6114
G2,827,0752-5443,2104-371X
G2,829,0754-5010,2108-7105
G2,830,0076-230X,2173-1306
G2,836,1147-6753,2272-9828
G2,836,0008-0152,2437-220X
G2,836,0184-7694,2437-2323
G2,837,0373-5478,2109-9529
G2,838,0253-1623,2077-4079
G2,839,1277-6874,1775-4348
G2,840,1767-9397,1775-4356
G2,841,1422-4658,
G2,842,0759-6340,2107-0946
G2,843,1276-3780,2109-9545
G2,844,1260-5921,2107-0954
G2,845,0184-7732,2107-0857
G2,846,0020-0093,1777-5876
G2,847,1967-2055,2109-9553
G2,848,1254-7700,2118-3376
G2,849,1156-8992,1965-0787
G2,850,2101-647X,2102-6408
G2,851,1376-0971,2118-4852
G2,852,1763-4229,2111-4390
G2,853,0016-4119,2109-9588
G2,854,0016-4127,2109-9642
G2,855,0556-7807,2105-2913
G2,856,0048-8046,1663-4446
G2,857,0221-6280,2102-5452
G2,861,,1916-4645
G2,874,0383-6320,1708-3923
G2,876,1189-4563,1710-0305
G2,879,,1708-6310
G2,886,0992-7158,1718-8598
G2,899,0776-5436,1918-9699
G2,925,0021-8103,1775-383X
G2,928,2070-3449,1996-4617
G2,934,0766-5075,3038-2424
G2,934,0150-3014,3038-2262
G2,934,2551-9603,2101-0013
G2,934,,2101-0013
G2,937,0769-4113,2273-9262
G2,951,1620-3224,2262-8363
G2,954,1375-4459,2673-8953
G2,955,1782-1592,2033-7485
G2,959,0035-2209,2118-4445
G2,961,1253-9708,2677-4224
G2,962,0294-0337,1777-5914
G2,965,0294-7080,2268-1558
G2,973,0755-7809,2104-3752
G2,974,1779-4684,2108-7083
G2,974,1638-2455,2547-393X
G2,974,0396-9045,2547-3921
G2,975,,1954-3670
G2,975,,1954-3670
G2,976,1664-1531,2235-2155
G2,990,1166-3030,2118-3147
G2,1009,0080-2557,2117-718X
G2,1021,2110-6460,2271-5649
G2,1023,1954-3859,2110-6045
G2,1024,1768-9260,2428-3606
G2,1025,1250-0739,2437-2374
G2,1029,1286-5702,1961-8654
G2,1030,0766-1177,2117-6272
G2,1031,1766-2923,2111-4528
G2,1031,1164-5385,2267-3393
G2,1033,2108-8845,2108-6915
G2,1034,,2100-0123
G2,1034,,2100-0123
G2,1036,0995-838X,2269-6032
G2,1036,0035-2349,1775-3864
G2,1037,0988-1824,1968-3936
G2,1038,1157-1330,2263-5947
G2,1038,2826-097X,2800-6194
G2,1038,0755-7817,2263-5939
G2,1038,0755-7906,2263-5904
G2,1039,1635-3544,2265-7762
G2,1040,0004-3958,2111-4552
G2,1041,,2108-6796
G2,1041,,2108-6796
G2,1042,1157-6790,1953-7999
G2,1043,,1286-4986
G2,1043,,1286-4986
G2,1044,,2107-0806
G2,1044,,2107-0806
G2,1045,,1764-7193
G2,1045,,1764-7193
G2,1046,0399-0826,2108-6443
G2,1046,0003-391X,2262-2292
G2,1048,0183-7478,1969-6329
G2,1050,,1565-8961
G2,1051,,1661-4941
G2,1052,1246-8185,2108-6354
G2,1053,1167-8437,2102-5614
G2,1054,1279-7952,1965-0582
G2,1056,1257-0222,2102-5975
G2,1058,0759-1063,2070-2779
G2,1059,2304-8298,2075-5287
G2,1060,1271-6669,2102-5916
G2,1061,0317-5065,1923-2713
G2,1062,0990-9141,1760-7906
G2,1063,1270-9247,2075-5325
G2,1064,,2107-0199
G2,1065,,1784-5092
G2,1067,1257-127X,
G2,1067,2267-7143,1965-0809
G2,1068,0009-8140,2032-0442
G2,1069,,1958-5322
G2,1069,,1958-5322
G2,1070,1189-3788,1920-7344
G2,1071,,1718-5556
G2,1072,1422-0857,1663-4837
G2,1073,,2108-6907
G2,1073,,2108-6907
G2,1074,,1638-1718
G2,1074,,1638-1718
G2,1075,1110-5097,2090-7273
G2,1075,,
G2,1076,1260-2116,2102-5525
G2,1077,1240-1439,1969-6337
G2,1078,1867-139X,1867-8521
G2,1079,,1969-6191
G2,1079,,1969-6191
G2,1080,,2102-5886
G2,1081,,2104-3736
G2,1082,0984-2632,2107-0784
G2,1083,0764-8928,1760-849X
G2,1084,1624-4184,2105-2522
G2,1085,1639-6073,3038-8759
G2,1085,,2101-0609
G2,1086,,2107-027X
G2,1086,,2107-027X
G2,1087,1275-7519,2108-6540
G2,1088,1423-3983,1663-4438
G2,1089,0294-0442,1969-6108
G2,1090,,2105-2557
G2,1090,,2105-2557
G2,1091,1273-3830,1965-0655
G2,1092,,1760-4761
G2,1092,,1760-4761
G2,1093,1146-6472,2107-0733
G2,1094,1242-8345,2108-6605
G2,1095,,1760-7914
G2,1095,,1760-7914
G2,1096,,1958-5500
G2,1096,,1958-5500
G2,1097,0249-6739,2104-3795
G2,1097,0005-3147,2513-6992
G2,1099,,1958-573X
G2,1099,,1958-573X
G2,1101,1167-492X,3039-2926
G2,1102,1969-0622,1760-7760
G2,1102,1634-359X,3038-8392
G2,1102,0750-7496,2971-1495
G2,1102,0750-750X,3038-8228
G2,1103,2605-7794,1969-6434
G2,1103,0151-1874,
G2,1103,2605-7867,2605-8383
G2,1103,0151-1874,3095-9721
G2,1103,2605-7778,3000-859X
G2,1104,1266-7706,1760-7264
G2,1104,1266-7706,1760-7264
G2,1105,,2077-3757
G2,1106,,2101-048X
G2,1107,0035-3213,2108-6478
G2,1108,0035-3299,1965-0779
G2,1109,0383-0802,2076-8427
G2,1110,1660-5934,1663-9669
G2,1111,,1762-6153
G2,1111,,1762-6153
G2,1112,,1951-669X
G2,1112,,1951-669X
G2,1113,1993-3800,1993-3819
G2,1114,1272-3819,1969-6302
G2,1116,1777-9006,2102-5878
G2,1117,0712-8657,1923-2705
G2,1118,,1961-9510
G2,1118,,1961-9510
G2,1119,0185-6286,2007-2392
G2,1120,1959-531X,1961-9057
G2,1121,1771-2084,2105-2549
G2,1122,,1760-8597
G2,1123,1167-315X,2107-0997
G2,1124,,1963-1820
G2,1124,,1963-1820
G2,1125,,1492-8442
G2,1126,1960-1360,2104-3728
G2,1126,0399-1237,2802-1630
G2,1130,,2107-6642
G2,1131,0003-4398,2496-7068
G2,1132,1774-0746,1773-0155
G2,1132,0249-5627,1297-9643
G2,1136,0153-1700,2429-4667
G2,1139,0982-9237,2427-9048
G2,1140,1634-8176,1775-3945
G2,1141,0767-0974,1958-5381
G2,1152,1956-3485,2111-4838
G2,1153,1967-2713,2118-0067
G2,1154,0007-4640,1775-3821
G2,1155,1763-718X,2118-3252
G2,1156,0701-0028,2369-1352
G2,1157,0303-965X,2411-2909
G2,1158,1160-7742,1760-6136
G2,1158,0012-320X,
G2,1162,1146-9447,2437-2277
G2,1162,0258-2880,2261-0596
G2,1162,0766-5598,0771-3444 2261-060X
G2,1163,1292-668X,2118-1942
G2,1164,1276-8944,1775-4305
G2,1165,1253-2711,2118-4585
G2,1166,1265-5449,2118-4496
G2,1166,0373-6261,2546-9029
G2,1166,1148-828X,2546-9010
G2,1167,1266-0078,2118-4518
G2,1168,1243-549X,2118-2892
G2,1169,2262-5321,2262-5372
G2,1171,0223-5498,2827-0827
G2,1173,,1778-4239
G2,1173,,1778-4239
G2,1179,0180-930X,2497-7098
G2,1183,1967-7375,2554-8689
G2,1184,0767-6468,2552-0016
G2,1186,3001-963X,2647-6614
G2,1186,2112-2679,1968-3820
G2,1187,1283-8497,2650-0825
G2,1188,1298-6046,1968-3928
G2,1188,1165-3558,2802-3706
G2,1189,1280-0082,2118-7169
G2,1191,0752-501X,2118-3015
G2,1192,1774-4466,1775-3856
G2,1200,0766-3838,2426-5519
G2,1208,1253-1871,2427-3244
G2,1217,1625-7480,2118-2760
G2,1249,1287-1141,2261-5512
G2,1255,1537-6370,1558-5271
G2,1259,1969-1009,2275-0517
G2,1287,1168-5549,1775-3546
G2,1288,0154-1854,2117-6973
G2,1295,1152-5908,2804-7923
G2,1296,1959-691X,2118-4674
G2,1297,1959-6944,2118-4631
G2,1298,1959-6928,2118-464X
G2,1305,,1286-4692
G2,1305,,1286-4692
G2,1313,1145-1882,2118-4224
G2,1314,0031-6032,2118-4038
G2,1321,0988-5226,2272-818X
G2,1325,1771-3757,2259-5082
G2,1325,1270-0665,1777-5604
G2,1332,0248-4951,2297-3850
G2,1334,1627-9239,
G2,1340,0031-4773,2540-3338
G2,1341,1951-9745,2101-0242
G2,1341,1950-1331,
G2,1343,1263-588X,2118-2191
G2,1344,0764-3470,
G2,1344,0764-3470,
G2,1351,0245-9442,2426-6507
G2,1355,1767-0543,2801-1783
G2,1356,0290-7674,2823-667X
G2,1375,1960-8020,2823-9725
G2,1377,0988-6982,2552-0040
G2,1390,1626-1682,2261-2599
G2,1395,1959-6782,2271-2194
G2,1401,0224-0424,2430-2961
G2,1402,1263-123X,2822-9096
G2,1405,1250-4165,2494-0739
G2,1415,1253-2479,2107-092X
G2,1416,0042-5605,2271-717X
G2,1425,0014-2204,2428-3509
G2,1428,0242-2794,2647-9982
G2,1430,1267-4397,2425-1356
G2,1431,0007-4403,1968-3766
G2,1431,0242-5432,2823-149X
G2,1442,0037-9069,1783-1385
G2,1457,0753-2776,2261-1010
G2,1458,0066-4871,2117-539X
G2,1473,1163-913X,2271-2186
G2,1475,0291-3798,2117-590X
G2,1475,0291-3798,2117-590X
G2,1476,1016-9008,2117-5624
G2,1477,1340-3656,2189-1893
G2,1478,1766-2524,1630-7542
G2,1479,0557-7705,2117-5683
G2,1480,0014-2808,2410-9231
G2,1482,2115-8177,1968-3944
G2,1483,0222-4194,2540-3532
G2,1512,0717-6554,0718-6568
G2,1514,0980-7764,2804-3359
G2,1522,1969-9123,2491-3049
G2,1523,0034-124X,2649-793X
G2,1524,,1775-4275
G2,1524,,1775-4275
G2,1526,,1951-6789
G2,1526,,1951-6789
G2,1529,1167-5101,2268-1590
G2,1530,,2259-4728
G2,1530,,2259-4728
G2,1531,1257-0273,1768-3084
G2,1534,0770-6081,2262-0753
G2,1535,2034-7650,2034-7669
G2,1536,0992-986X,2119-4130
G2,1537,2034-9130,2295-9149
G2,1541,2034-7634,2034-7642
G2,1542,0767-709X,1775-3732
G2,1546,0777-0707,2406-4696
G2,1547,1268-5666,1968-3758
G2,1548,0011-1600,1968-3901
G2,1549,1297-6628,2107-0636
G2,1550,0294-1805,1968-391X
G2,1551,1283-7091,1968-3839
G2,1552,0223-5706,1968-3952
G2,1553,1279-7766,1968-388X
G2,1554,,1968-3960
G2,1554,1951-0365,1968-3960
G2,1554,,1968-3960
G2,1557,1245-1274,1968-3871
G2,1558,1959-6936,1968-3774
G2,1559,1240-1307,1765-2979
G2,1561,0987-3260,2262-5135
G2,1563,0007-9731,2119-1026
G2,1565,1285-4093,2610-4377
G2,1566,2260-0965,2262-340X
G2,1570,,1925-4873
G2,1570,,1925-4873
G2,1571,2261-6268,2260-7927
G2,1572,1281-2463,1775-4283
G2,1573,2117-4148,1950-568X
G2,1573,1634-5495,
G2,1577,0248-9430,2264-7791
G2,1577,2257-5405,2119-5242
G2,1578,1627-9204,2117-4970
G2,1579,0994-1908,2108-646X
G2,1580,1266-6726,2275-2129
G2,1582,1774-4296,2256-9421
G2,1583,1488-0946,1929-7017
G2,1584,0183-973X,2259-8863
G2,1585,,1950-5701
G2,1585,,1950-5701
G2,1586,1952-8108,2109-9405
G2,1587,,1298-0390
G2,1588,0247-9788,2109-9421
G2,1590,,1760-5776
G2,1590,,1760-5776
G2,1591,1635-4079,1775-433X
G2,1592,,2111-5028
G2,1592,,2111-5028
G2,1593,1954-4863,1950-5698
G2,1593,0018-439X,2547-5614
G2,1595,0996-9403,1775-4224
G2,1596,1376-098X,2034-9564
G2,1597,1279-8657,2117-5209
G2,1598,1957-3383,1775-4135
G2,1599,0715-3570,1710-7377
G2,1600,,1778-3801
G2,1600,,1778-3801
G2,1601,1969-248X,2102-6416
G2,1602,,1630-7305
G2,1602,,1630-7305
G2,1603,1662-372X,2235-7688
G2,1604,0980-0891,2259-4574
G2,1607,0035-2039,2260-8079
G2,1612,1148-6023,2547-3913
G2,1613,1272-520X,2262-483X
G2,1615,2114-6497,2779-1912
G2,1635,0040-3075,2272-9356
G2,1640,0222-9838,1783-1601
G2,1642,0003-4134,2261-4427
G2,1651,0984-8207,2262-4783
G2,1659,0992-5279,2260-8478
G2,1659,0248-9775,2801-992X
G2,1666,0994-2424,2262-4848
G2,1667,0007-473X,2275-5039
G2,1670,0986-6035,2111-4412
G2,1672,0338-9316,2261-0200
G2,1674,,1778-3887
G2,1674,,1778-3887
G2,1676,,1664-0136
G2,1677,0339-7513,2823-1848
G2,1678,2398-5682,2268-3763
G2,1679,,1769-7425
G2,1679,,1769-7425
G2,1680,,2258-2738
G2,1681,1287-3349,2275-4776
G2,1682,1952-9201,1961-9391
G2,1692,0069-5580,2109-9227
G2,1693,0067-4222,2261-639X
G2,1694,0989-3059,2114-2130
G2,1695,2556-2053,2109-9537
G2,1696,1645-3794,2182-7400
G2,1697,0290-7402,2261-4184
G2,1698,,1765-307X
G2,1698,0993-8516,1765-307X
G2,1699,0765-4944,2111-5044
G2,1700,1770-9571,2260-779X
G2,1706,0758-1858,2546-8294
G2,1711,1277-7897,3040-0597
G2,1712,,2115-6395
G2,1712,,2115-6395
G2,1715,1519-1265,2316-7793
G2,1718,,2271-7641
G2,1719,1164-5857,2260-7706
G2,1720,0246-0092,2260-7730
G2,1721,0776-3824,2034-7871
G2,1724,2267-7313,2271-1848
G2,1724,1957-5246,2264-4938
G2,1726,,2264-7082
G2,1726,,2264-7082
G2,1727,0397-0299,2430-2848
G2,1728,0241-2799,2264-2641
G2,1729,,2282-5703
G2,1730,1246-8258,2265-9404
G2,1731,1262-2788,2313-514X
G2,1732,1962-1086,2259-5309
G2,1733,1254-7689,2259-3780
G2,1734,2257-5111,2264-2749
G2,1735,0020-0204,1952-4056
G2,1736,0994-7949,2264-590X
G2,1737,1953-6119,2264-525X
G2,1738,1969-2269,2264-2595
G2,1739,2101-6739,2102-6025
G2,1740,1967-7359,2264-5748
G2,1741,0779-1674,2264-5209
G2,1743,0755-9593,2259-3764
G2,1744,0770-2310,2406-4742
G2,1745,2114-2068,2259-6003
G2,1746,0032-7638,2271-197X
G2,1747,2259-2490,2260-5584
G2,1748,1286-9449,2259-3799
G2,1753,1639-8319,1955-2351
G2,1757,1639-4399,2271-7501
G2,1757,1639-4399,2271-7501
G2,1760,1626-5378,2259-4566
G2,1761,3002-5478,2969-9932
G2,1761,2112-5147,2271-7811
G2,1762,0295-5652,2271-1880
G2,1768,1950-5051,2726-2588
G2,1769,0042-7306,1783-1830
G2,1770,0035-2624,2271-7005
G2,1771,1254-3179,2271-7749
G2,1791,2103-2874,2295-9726
G2,1799,0032-9622,
G2,1806,1111-2050,2253-0738
G2,1809,1729-0228,2411-0884
G2,1823,,2109-9081
G2,1823,,2109-9081
G2,1825,1377-2368,2294-9135
G2,1826,0396-891X,2266-1816
G2,1828,,2117-4911
G2,1828,,2117-4911
G2,1830,1646-5075,2182-7419
G2,1831,2263-2158,2262-8339
G2,1831,1779-7519,2262-8169
G2,1832,1969-4202,1765-3142
G3,1833,,2264-7228
G3,1833,,2264-7228
G3,1834,0417-8726,1775-4194
G3,1835,0992-7654,2221-4038
G3,1836,,1765-2901
G3,1836,,1765-2901
G3,1837,2109-3016,1775-3783
G3,1838,1266-7188,2261-5482
G3,1839,0873-6561,2182-2891
G3,1840,0872-8380,2182-7427
G3,1841,1298-9800,1955-2408
G3,1841,2260-3875,2265-786X
G3,1842,,2266-839X
G3,1842,,2266-839X
G3,1843,,2317-7837
G3,1844,,2162-5603
G3,1845,1628-2329,2109-9219
G3,1846,2495-7593,2263-8989
G3,1847,,2116-5289
G3,1847,,2116-5289
G3,1848,1291-7206,
G3,1848,,2264-623X
G3,1849,0246-8743,2118-9692
G3,1850,0223-5102,1724-2134
G3,1851,1123-9891,1724-2142
G3,1852,1123-9883,1724-2150
G3,1853,1484-2254,1929-221X
G3,1854,,2261-9623
G3,1854,,2261-9623
G3,1855,1148-8158,2109-943X
G3,1856,,1481-9384
G3,1857,0338-2338,
G3,1858,,1647-3175
G3,1859,,2264-6949
G3,1859,,2264-6949
G3,1860,0254-1106,2182-7435
G3,1861,0035-2217,2259-0285
G3,1862,0181-0448,2260-2941
G3,1863,,1760-7507
G3,1863,,1760-7507
G3,1864,,2263-0856
G3,1864,,2263-0856
G3,1865,1253-7837,1775-3988
G3,1866,1254-4590,2261-4265
G3,1867,2031-7654,2034-6395
G3,1869,,1775-3554
G3,1872,1660-5926,1663-9677
G3,1882,2295-5518,2406-4718
G3,1883,1623-6742,2271-2852
G3,1907,0570-1716,2429-2850
G3,1911,1243-275X,2804-0163
G3,1912,1157-5999,1950-6953
G3,1913,1635-0421,1952-3998
G3,1921,2261-3684,2261-2211
G3,1923,2950-4368,2950-4333
G3,1923,0398-7620,1773-0627
G3,1949,,2259-924X
G3,1949,,2259-924X
G3,1955,1661-8009,2273-1598
G3,2010,2257-0543,2425-231X
G3,2013,,2107-691X
G3,2014,,1773-0236
G3,2015,,1961-991X
G3,2027,,2271-751X
G3,2027,,2271-751X
G3,2028,,1777-5485
G3,2028,,1777-5485
G3,2032,,2182-9543
G3,2033,,2267-2419
G3,2033,,2267-2419
G3,2034,0873-6529,2182-7907
G3,2036,2431-4501,2490-7944
G3,2036,2101-8081,2107-0210
G3,2036,1149-1590,1777-5620
G3,2038,2266-3134,2425-2158
G3,2045,0014-2026,2296-5084
G3,2046,1165-0354,2267-6759
G3,2047,1581-7652,1855-7112
G3,2048,0776-0116,2295-2667
G3,2049,1253-1006,2825-2772
G3,2050,,2268-1744
G3,2050,,2268-1744
G3,2054,0222-674X,2554-8395
G3,2057,0008-042X,2268-7963
G3,2061,,2198-6754
G3,2065,1127-266X,2532-0319
G3,2067,0338-2389,2425-2042
G3,2069,0424-2238,2491-2875
G3,2071,,2116-8865
G3,2071,,2116-8865
G3,2072,2268-8870,2271-2151
G3,2073,0246-9367,2728-2422
G3,2078,2609-5211,2822-9886
G3,2078,1957-0341,2426-6248
G3,2085,1296-2104,2272-9968
G3,2090,1769-8502,2427-5409
G3,2090,0335-0894,2401-0987
G3,2090,1299-085X,1298-0153
G3,2090,1288-6742,1292-8879
G3,2093,0758-7708,2275-4865
G3,2094,1148-7941,2271-7978
G3,2095,1268-4783,2271-8052
G3,2097,,2100-0670
G3,2097,,2100-0670
G3,2100,0292-2215,2971-3072
G3,2113,2262-5305,2270-2504
G3,2113,0294-0736,2270-2520
G3,2113,2679-2346,2534-4269
G3,2114,0004-5527,2275-5160
G3,2115,0994-3722,2118-724X
G3,2118,0987-7576,2804-2514
G3,2119,0183-5173,2437-2226
G3,2119,0021-7662,2437-2218
G3,2119,0370-3681,2419-8021
G3,2119,0370-5412,2437-2242
G3,2121,1260-4984,2271-7188
G3,2122,1257-7537,2271-1856
G3,2124,,2270-6798
G3,2124,,2270-6798
G3,2126,,2271-6092
G3,2126,,2271-6092
G3,2127,0769-4563,
G3,2127,1288-7145,2270-0374
G3,2128,2265-9811,2496-431X
G3,2129,0293-0277,2540-3443
G3,2131,2262-7030,2271-2127
G3,2138,0315-2340,2291-8949
G3,2140,0102-4302,2357-738X
G3,2141,,2270-6909
G3,2141,,2270-6909
G3,2142,2259-6372,2271-2836
G3,2143,,1499-7185
G3,2144,0180-684X,2271-1465
G3,2145,,2426-5551
G3,2145,,2426-5551
G3,2147,2257-6517,2273-1350
G3,2147,1273-6449,2426-6574
G3,2148,,2271-6246
G3,2148,,2271-6246
G3,2150,0750-5299,2271-6424
G3,2151,1961-4829,2270-7336
G3,2152,0153-0313,2271-5703
G3,2153,1168-4917,2271-5444
G3,2154,0870-4546,2183-2021
G3,2155,0220-5610,2271-6149
G3,2156,,1775-3902
G3,2156,,1775-3902
G3,2158,1276-2458,2271-1732
G3,2159,0583-8266,2276-1993
G3,2161,2235-7823,2297-5977
G3,2162,1767-3151,2273-2225
G3,2163,,1853-8037
G3,2164,,2108-6559
G3,2164,,2108-6559
G3,2167,0990-6908,2272-8856
G3,2168,0297-2964,2271-8362
G3,2169,,2264-119X
G3,2169,,2264-119X
G3,2173,1646-9860,2312-5195
G3,2178,1772-2101,2552-0334
G3,2179,,2260-1155
G3,2194,1962-3968,3000-9545
G3,2206,1276-4183,3003-7484
G3,2208,1148-2656,2272-6187
G3,2221,0249-3624,3076-3444
G3,2221,1251-2419,2823-9482
G3,2224,0395-773X,2272-9992
G3,2233,1256-5733,2823-9342
G3,2233,0769-4504,2823-9369
G3,2237,0994-5490,2272-4001
G3,2243,0247-0101,1775-3805
G3,2250,1276-4930,2273-0257
G3,2250,0035-3221,2437-2234
G3,2251,2021-5819,2437-2382
G3,2251,0243-9069,2437-2331
G3,2251,0990-1027,2496-7564
G3,2252,1631-0438,2275-4954
G3,2252,0399-1385,2437-2250
G3,2252,0399-1377,2419-3887
G3,2252,0300-9513,2419-4522
G3,2254,1377-8935,2272-060X
G3,2255,1646-1479,2183-2269
G3,2256,0247-381X,2272-9852
G3,2257,1634-7706,2273-0362
G3,2258,,1647-0737
G3,2259,0563-9751,2273-0311
G3,2262,0031-0387,2272-7639
G3,2263,,2272-916X
G3,2263,,2272-916X
G3,2267,0014-2239,2272-9011
G3,2269,2190-0078,2198-8943
G3,2270,,1809-4341
G3,2279,,1981-3341
G3,2285,0018-7364,2779-1815
G3,2287,1762-3227,2272-8023
G3,2287,0758-7171,2778-5696
G3,2288,0773-0543,2406-4734
G3,2289,2681-6415,2824-2475
G3,2289,1244-9288,2272-8090
G3,2290,2260-2895,2272-8481
G3,2291,2273-8525,2270-2385
G3,2292,2110-6657,2272-9054
G3,2294,0104-7183,1806-9983
G3,2295,0004-5322,2275-5195
G3,2302,,1646-740X
G3,2303,2271-068X,2426-5977
G3,2305,1773-9128,2261-7922
G3,2307,0991-9228,2824-8864
G3,2307,0035-1601,1958-5632
G3,2314,0771-6796,2684-1339
G3,2332,,2101-0714
G3,2332,,2101-0714
G3,2333,0249-6267,2274-0511
G3,2341,0779-7389,2269-8469
G3,2345,1018-1946,2823-1090
G3,2347,1770-9687,2275-1785
G3,2348,,2275-1742
G3,2348,,2275-1742
G3,2349,0071-2051,2275-1947
G3,2352,1257-0311,2970-8370
G3,2353,0035-3809,2593-4848
G3,2359,,2114-0502
G3,2359,,2114-0502
G3,2382,2677-7924,2678-6133
G3,2382,1964-5007,2426-5489
G3,2383,,1638-573X
G3,2383,,1638-573X
G3,2385,,2275-2293
G3,2385,,2275-2293
G3,2387,,2238-0361
G3,2388,1111-4371,
G3,2391,2113-5207,2269-8450
G3,2391,2113-5207,2269-8450
G3,2392,,2258-014X
G3,2392,,2258-014X
G3,2395,0014-2247,2426-6078
G3,2400,,2110-6134
G3,2400,,2110-6134
G3,2404,1767-7114,2416-8742
G3,2406,1760-5342,1760-5350
G3,2407,0761-8980,1951-6614
G3,2422,1250-3274,
G3,2427,,2364-0480
G3,2448,1154-5852,2417-6516
G3,2449,,2416-5999
G3,2452,1374-1942,2953-089X
G3,2474,2269-5281,2425-1682
G3,2474,1769-8316,2401-0995
G3,2475,0751-2589,2803-6670
G3,2483,2108-8926,2426-6264
G3,2484,2112-7689,2263-7516
G3,2486,1278-3331,2802-2777
G3,2487,2425-6250,2431-1766
G3,2488,,2425-1593
G3,2488,,2425-1593
G3,2489,0242-7702,2425-1941
G3,2490,0029-4845,2406-4726
G3,2507,,1634-0450
G3,2507,,1634-0450
G3,2509,,2427-9188
G3,2509,,2427-9188
G3,2510,,2430-4247
G3,2510,,2430-4247
G3,2520,2100-1340,2427-920X
G3,2524,1161-9473,2496-7114
G3,2531,2101-9304,2726-8004
G3,2548,0073-8204,2513-6100
G3,2548,0373-6075,2507-0185
G3,2557,0987-6014,2431-210X
G3,2567,1250-7970,2377-9640
G3,2572,0242-9780,2804-9284
G3,2576,1625-8312,1624-6039
G3,2592,,1954-3077
G3,2592,,1954-3077
G3,2593,,2240-7456
G3,2598,0294-3069,2823-961X
G3,2599,1286-1286,2426-640X
G3,2600,2256-7186,2426-6272
G3,2601,0768-6625,2428-3592
G3,2608,,2264-6221
G3,2608,,2264-6221
G3,2609,,2368-9587
G3,2609,,1913-5297
G3,2614,0985-1402,2428-3568
G3,2615,2428-3711,2428-3614
G3,2697,0121-5612,1900-6004
G3,3128,0997-5551,2429-4578
G3,3131,,2275-6639
G3,3131,,2275-6639
G3,3132,,2116-0813
G3,3132,,2116-0813
G3,3133,0248-9015,2429-4373
G3,3135,1951-5030,2728-3372
G3,3136,1161-0557,2496-7467
G3,3138,2101-4736,2428-3622
G3,3139,2031-4183,2506-6390
G3,3140,1875-0672,1875-0680
G3,3153,,2268-5790
G3,3166,1269-0589,2108-7016
G3,3167,1951-0519,2430-2880
G3,3181,1243-3616,2429-9499
G3,3182,2389-6086,2279-7203
G3,3183,,2269-2657
G3,3183,,2269-2657
G3,3192,2428-4068,2649-7565
G3,3196,1634-3123,2431-2045
G3,3199,0033-9075,2649-7999
G3,3200,0995-7367,2551-9808
G3,3204,0066-6564,2428-7180
G3,3214,0980-2797,2649-7751
G3,3219,2030-5656,1784-5734
G3,3223,1286-1715,2649-8529
G3,3231,1637-5823,2431-1472
G3,3235,0299-7258,2417-0097
G3,3255,0396-4590,2729-0603
G3,3259,1638-9867,2649-7263
G3,3275,2111-885X,2553-6141
G3,3275,1162-5082,
G3,3275,0026-9425,
G3,3275,1281-1505,
G3,3281,0014-2158,2645-1026
G3,3289,1265-7034,
G3,3289,1265-7034,
G3,3300,2429-2877,2554-8441
G3,3303,,2431-8574
G3,3303,,2431-8574
G3,3307,1967-0311,2431-8663
G3,3308,,2038-0925
G3,3309,,1961-9685
G3,3309,,1961-9685
G3,3313,0870-6182,2183-7791
G3,3321,,2275-0827
G3,3321,,2275-0827
G3,3322,,2115-8037
G3,3323,,2100-0689
G3,3324,,2428-8500
G3,3325,,2492-1599
G3,3338,0398-2025,2431-8698
G3,3342,1784-5157,2466-8443
G3,3344,2295-3671,2593-5747
G3,3352,,2109-9480
G3,3356,1955-0855,2606-1988
G3,3358,0994-1819,1950-6058
G3,3362,,2114-5350
G3,3364,0294-0868,1777-5558
G3,3365,1628-6391,2104-3760
G3,3372,0249-7395,2429-6422
G3,3372,0040-3865,2513-7379
G3,3376,2102-7188,2109-9472
G3,3385,1265-1338,2613-2850
G3,3385,1952-8302,1764-7223
G3,3396,1158-1360,1878-1829
G3,3422,,2258-093X
G3,3422,,2258-093X
G3,3424,1623-6572,2107-0385
G3,3424,0336-1578,2669-3194
G3,3427,0297-9373,1961-988X
G3,3434,,2266-0909
G3,3434,,2266-0909
G3,3443,1967-7499,2492-7457
G3,3446,0295-5024,2492-0614
G3,3449,0035-2004,2540-2544
G3,3450,1283-8446,2513-6097
G3,3455,2429-2230,2822-7468
G3,3477,0066-2348,2492-0509
G3,3480,0032-3632,2268-3798
G3,3494,1373-9689,2561-2271
G3,3496,2100-0808,2100-0816
G3,3530,,1961-9936
G3,3536,,1862-5886
G3,3550,2109-5671,2492-7503
G3,3554,,2105-0821
G3,3554,,2105-0821
G3,3555,0001-4079,2271-4820
G3,3568,2260-0299,2492-0606
G3,3578,0039-2944,2421-5856
G3,3636,2296-5165,2296-519X
G3,3643,0249-6674,2493-7460
G3,3643,2741-0781,2825-0176
G3,3644,2431-8175,2268-5243
G3,3656,,1765-2723
G3,3656,,1765-2723
G3,3660,0035-6212,2421-5864
G3,3662,0033-4952,2421-5848
G3,3666,0048-4911,3001-4506
G3,3680,,1760-5296
G3,3707,1270-9840,2606-6343
G3,3710,0755-9208,2823-9016
G3,3710,2425-6870,2425-6897
G3,3710,1966-9607,2117-4857
G3,3713,2494-5757,2427-0687
G3,3714,2273-0753,2606-9245
G3,3715,2269-9201,2495-0920
G3,3716,2263-8911,2557-2113
G3,3740,,2264-2617
G3,3740,,2264-2617
G3,3744,0295-6063,2513-6089
G3,3772,1150-8809,2804-2107
G3,3784,0575-1330,1783-1628
G3,3785,,1951-6215
G3,3785,,1951-6215
G3,3791,0035-8029,2391-1018
G3,3793,0777-3579,
G3,3797,3039-2667,2551-3583
G3,3798,,2276-3457
G3,3803,0335-5004,2777-3655
G3,3806,0999-4203,2496-4212
G3,3807,1290-9653,2496-4514
G3,3808,0761-8271,2647-7300
G3,3810,1634-8842,2264-1246
G3,3814,1243-8170,2497-6784
G3,3821,0152-0032,2498-4191
G3,3828,0018-6368,1958-5551
G3,3833,1267-8996,2420-5796
G3,3833,0398-3609,2420-6466
G3,3834,0398-3587,2419-1949
G3,3842,1292-2765,3003-4671
G3,3844,1164-6225,2647-6754
G3,3846,1959-1985,3099-1609
G3,3848,2111-4064,2498-0730
G3,3849,,1646-7698
G3,3850,,0718-5049
G3,3854,2650-7137,2418-3547
G3,3857,0035-0958,2114-5156
G3,3859,1958-3702,2678-601X
G3,3862,0182-5887,2826-9691
G3,3863,0035-1733,1760-7620
G3,3879,,2262-208X
G3,3879,,2262-208X
G3,3880,,1958-5772
G3,3880,,1958-5772
G3,3881,1150-594X,2546-9460
G3,3881,2272-0642,2553-1875
G3,3883,1775-2329,2553-1891
G3,3884,2182-6471,2520-0305
G3,3886,,1950-6929
G3,3886,2276-2019,2553-1719
G3,3894,,2107-7266
G3,3894,,2107-7266
G3,3895,2262-7340,2552-0741
G3,3896,1951-2562,1630-7364
G3,3897,0035-3183,1878-4313
G3,3901,0988-6486,
G3,3901,0988-6486,
G3,3904,1958-7198,2823-4790
G3,3906,,2270-4957
G3,3906,1146-7673,
G3,3907,2258-7942,2259-1001
G3,3914,,2491-8490
G3,3916,,2031-0293
G3,3927,2426-8313,2803-3469
G3,3928,2427-2728,2804-0236
G3,3942,1763-4261,2551-3761
G3,3956,1166-7699,1777-5949
G3,3958,0751-7688,2546-9002
G3,3960,2551-8313,2553-6133
G3,3971,,2274-2042
G3,3971,,2274-2042
G3,3977,,2036-4091
G3,3978,2032-9806,2565-7097
G3,3982,,1764-7355
G3,3984,,2494-1271
G3,3986,,2426-413X
G3,3987,0761-9081,2650-8176
G3,3988,0769-0681,2779-2005
G4,3990,,3001-6401
G4,3995,,2492-2080
G4,3999,,2107-7150
G4,4000,1639-0237,1765-3096
G4,4004,,2265-8777
G4,4005,1283-873X,
G4,4007,,2492-3672
G4,4007,,2492-3672
G4,4021,1762-0597,2610-072X
G4,4022,0758-3478,2968-6180
G4,4028,0755-7752,2647-8463
G4,4028,0995-872X,2802-1118
G4,4028,0048-8151,2802-1134
G4,4029,0016-5522,2647-7572
G4,4037,1140-5082,2613-2788
G4,4037,1158-3428,2420-0085
G4,4039,2266-7407,2804-7990
G4,4040,,2554-4470
G4,4040,,2554-4470
G4,4044,2491-1453,2119-9655
G4,4066,0048-7163,2613-2737
G4,4086,,2554-3822
G4,4086,,2554-3822
G4,4093,2736-2280,2736-2299
G4,4097,,2606-6645
G4,4097,,2606-6645
G4,4103,0409-8846,2391-1387
G4,4105,2555-6266,2557-0498
G4,4112,1622-8545,2269-9872
G4,4143,1297-9112,2780-9986
G4,4144,1262-022X,1777-568X
G4,4147,,0719-4153
G4,4152,0753-5015,2647-7556
G4,4171,,2108-6532
G4,4171,,2108-6532
G4,4196,0758-4431,2419-8676
G4,4253,1573-3084,1879-6095
G4,4259,2274-4444,3001-0616
G4,4263,2275-3974,3001-4964
G4,4263,2275-4172,3001-4999
G4,4263,2275-2919,3001-4972
G4,4264,0429-3320,2613-2842
G4,4264,0366-5674,2613-2834
G4,4274,0526-8400,1760-5830
G4,4281,1283-3878,2647-7270
G4,4292,0373-0956,1777-5310
G4,4293,1635-5202,2823-2801
G4,4298,1282-6545,2677-6529
G4,4299,0765-0590,2264-1459
G4,4319,,2826-4835
G4,4332,0515-3700,2352-7978
G4,4333,,2352-5568
G4,4334,2352-5800,2352-5819
G4,4334,0750-7658,1769-6623
G4,4335,0003-3928,1768-3181
G4,4336,0151-9638,2214-5451
G4,4337,0753-3969,1778-3666
G4,4338,0294-1260,1768-319X
G4,4339,0242-6498,2213-008X
G4,4340,0003-4266,2213-3941
G4,4341,1879-7261,1879-727X
G4,4342,0003-4487,1769-6631
G4,4343,1877-0657,1877-0665
G4,4344,0003-4509,2772-803X
G4,4345,0929-693X,1769-664X
G4,4346,1875-2136,1875-2128
G4,4347,1261-694X,2405-4313
G4,4348,0753-3322,1950-6007
G4,4349,0007-4551,1769-6917
G4,4350,0007-9820,2468-5232
G4,4351,0924-4212,1878-6510
G4,4351,1278-3218,1769-6658
G4,4352,0007-9960,2352-4960
G4,4353,2210-7401,2210-741X
G4,4353,0399-8320,2352-3662
G4,4354,1387-1609,1878-5859
G4,4354,1631-0748,1878-1543
G4,4355,0764-4469,1878-5565
G4,4355,1631-0691,1768-3238
G4,4356,1631-0713,1778-7025
G4,4357,0764-4442,1778-3577
G4,4357,1631-073X,1778-3569
G4,4358,1620-7742,1873-751X
G4,4358,1251-8069,1873-7250
G4,4358,1287-4620,1873-7404
G4,4358,1631-0721,1873-7234
G4,4363,1280-8571,1639-4798
G4,4372,0240-2955,3038-9917
G4,4372,0240-2963,2258-7519
G4,4372,0996-0481,3038-9941
G4,4418,0012-9593,1873-2151
G4,4421,0761-3032,2107-0881
G4,4424,0990-7440,1765-2952
G4,4426,0758-9670,2679-0009
G4,4428,0153-9337,2608-4228
G4,4435,,2590-0412
G4,4435,0761-8417,1776-2561
G4,4436,0003-4088,2100-000X
G4,4436,,2823-1465
G4,4436,,2823-1465
G4,4438,0768-598X,1961-9480
G4,4438,0996-8423,
G4,4439,0004-6361,1432-0746
G4,4442,2273-1709,2117-4458
G4,4444,2105-0678,2105-0686
G4,4444,1295-0661,1760-6128
G4,4444,0037-9026,2437-3532
G4,4463,2109-2761,2679-6104
G4,4467,0303-1179,2492-5926
G4,4470,0037-9484,2102-622X
G4,4488,1370-267X,2795-8736
G4,4489,,1961-8581
G4,4489,,1961-8581
G4,4496,1292-8119,1262-3377
G4,4497,0003-3901,2669-6525
G4,4498,,2118-9773
G4,4501,1280-9659,1638-9395
G4,4506,0992-2059,2802-3285
G4,4511,1628-2205,2102-5983
G4,4513,0753-9053,1878-0733
G4,4513,1153-2424,2213-9591
G4,4513,1297-3203,1769-6666
G4,4513,2468-1229,2468-1210
G4,4515,1631-0683,1777-571X
G4,4517,1296-2147,1878-5557
G4,4517,1631-0705,1878-1535
G4,4518,,2551-6116
G4,4518,1962-2864,2494-7830
G4,4518,,2551-6116
G4,4520,1262-3636,1878-1780
G4,4524,1624-5687,2213-025X
G4,4525,1629-6583,2214-8078
G4,4525,2772-9729,2772-9710
G4,4526,2555-0403,2267-1242
G4,4527,1633-4760,1638-1963
G4,4528,1294-9361,1950-6945
G4,4534,,2272-2394
G4,4534,,2272-2394
G4,4535,,2105-0716
G4,4535,,2105-0716
G4,4536,0397-9334,2777-3507
G4,4536,0373-8000,2777-3515
G4,4537,0003-4452,2398-676X
G4,4538,1292-8100,1262-3318
G4,4540,1765-4629,1769-695X
G4,4544,1148-5493,1952-4005
G4,4546,0037-9085,1961-9049
G4,4547,0044-586X,2107-7207
G4,4548,0240-642X,1958-5454
G4,4548,0397-9164,
G4,4549,0995-3817,2647-8145
G4,4550,1292-8895,1292-8909
G4,4551,1295-490X,2437-234X
G4,4553,,2119-0275
G4,4555,0003-3898,1950-6112
G4,4556,0037-9271,2168-6351
G4,4560,0246-0203,1778-7017
G4,4561,0294-1449,1873-1430
G4,4563,2101-6275,2100-014X
G4,4564,0924-9338,1778-3585
G4,4564,0767-399X,2633-0903
G4,4566,,2212-764X
G4,4567,2108-6524,2108-6591
G4,4568,1162-9088,1878-3457
G4,4570,2115-8789,2115-7863
G4,4570,1760-1703,1950-6988
G4,4572,1297-9589,1769-6682
G4,4573,1161-0492,2824-8082
G4,4574,1259-1734,2118-7436
G4,4575,1286-4560,1297-966X
G4,4575,0003-4312,1878-6545
G4,4577,,1768-3262
G4,4580,0001-4192,2259-2385
G4,4581,1953-5171,2100-0794
G4,4582,,1634-0744
G4,4584,0003-4347,1958-9395
G4,4585,0044-8435,1297-9678
G4,4585,0570-1597,2777-3302
G4,4586,0294-3506,1769-7174
G4,4587,0006-579X,1777-5760
G4,4589,0037-9409,1777-5817
G4,4590,0007-4497,1952-4773
G4,4593,0145-5680,1165-158X
G4,4594,0016-6995,1777-5728
G4,4595,0923-2532,1878-1365
G4,4595,0980-9090,2213-9508
G4,4597,,2105-1232
G4,4598,1776-9817,2214-8485
G4,4602,1761-7227,1879-680X
G4,4604,1959-0318,1876-0988
G4,4604,1297-9562,1878-3600
G4,4606,1297-319X,1778-7254
G4,4608,1996-3041,2413-5380
G4,4611,1271-0318,2268-7289
G4,4611,,2778-844X
G4,4613,1951-6371,1951-638X
G4,4614,0181-1568,1776-0984
G4,4615,1290-0796,1776-0992
G4,4616,0181-1584,1776-100X
G4,4617,1779-627X,1779-6288
G4,4618,2107-6839,2107-6847
G4,4619,,2452-3186
G4,4619,0369-8114,1768-3114
G4,4620,2431-7578,2271-2097
G4,4621,0021-7697,1773-0422
G4,4623,0150-9918,
G4,4623,2468-8495,2468-7847
G4,4625,1156-5233,1773-0449
G4,4626,2543-344X,2543-3431
G4,4626,0221-0363,1773-0384
G4,4626,2211-5706,2211-5714
G4,4627,1958-5586,1958-5594
G4,4627,0023-7302,1297-9694
G4,4628,2271-8273,2272-057X
G4,4630,0242-648X,1773-0457
G4,4631,1155-1704,2405-4356
G4,4631,2666-3473,2589-9791
G4,4632,1011-288X,1951-6398
G4,4633,0762-915X,1773-0465
G4,4634,1294-5501,2214-8086
G4,4635,0398-0499,2214-8116
G4,4636,0295-5075,1286-4854
G4,4636,0302-072X,2777-3434
G4,4638,0993-9857,1773-0473
G4,4638,2211-4238,2211-4246
G4,4639,,2267-3059
G4,4639,,1270-900X
G4,4639,,1270-900X
G4,4639,,2267-3059
G4,4640,0181-5512,1773-0597
G4,4646,2269-0530,2115-452X
G4,4650,2352-5525,2352-5533
G4,4651,1964-8189,2116-7214
G4,4651,1279-5119,
G4,4652,,2468-7499
G4,4654,1167-1122,1952-4013
G4,4655,1286-0042,1286-0050
G4,4658,1818-8710,2100-0646
G4,4658,1023-6368,2957-7462
G4,4658,0335-9581,2777-3701
G4,4658,0335-959X,2777-3728
G4,4659,1951-6355,1951-6401
G4,4659,1155-4339,1764-7177
G4,4659,0449-1947,2777-3418
G4,4662,1296-2074,1778-3674
G4,4663,0150-9861,1773-0406
G4,4664,0037-9379,2971-091X
G4,4665,,1878-7886
G4,4666,1779-0123,2213-1566
G4,4667,,1961-9502
G4,4667,1297-6318,1961-9499
G4,4667,0373-0514,2777-3469
G4,4667,0767-2861,2777-3450
G4,4667,,1961-9502
G4,4669,0221-5896,2802-1401
G4,4671,0755-4982,2213-0276
G4,4672,0248-8663,1768-3122
G4,4674,1878-6529,1878-6537
G4,4676,1637-4088,2214-7888
G4,4677,2772-9540,2772-9532
G4,4677,0768-9179,1953-8359
G4,4677,2211-1042,2211-1050
G4,4678,1279-7960,2352-3573
G4,4679,0013-7006,2589-4935
G4,4680,0014-3855,1769-6674
G4,4684,0081-1181,2540-3494
G4,4685,0953-1424,1952-4021
G4,4686,,2265-4224
G4,4686,,2265-4224
G4,4687,2274-7214,2261-236X
G4,4688,0032-6895,1778-3771
G4,4688,0399-1113,2777-3523
G4,4688,2266-7539,2777-354X
G4,4689,1246-7391,1777-5612
G4,4692,1769-4493,2352-3395
G4,4693,0928-1258,1878-6820
G4,4694,0255-0962,2429-2869
G4,4695,1636-6522,2213-0098
G4,4696,2271-3646,2271-3654
G4,4696,0035-1563,1156-3141
G4,4697,1286-0115,2352-3387
G4,4698,0245-5919,2214-8094
G4,4699,1769-7255,1872-9177
G4,4700,0028-3770,1773-0619
G4,4701,0987-7053,1769-7131
G4,4701,0370-4475,2212-1110
G4,4702,0222-9617,1769-6615
G4,4703,1434-6028,1434-6036
G4,4705,1434-6060,1434-6079
G4,4707,1292-8941,1292-895X
G4,4708,2102-6459,2102-6467
G4,4708,0003-4169,1286-4838
G4,4709,,2491-9292
G4,4709,,2491-9292
G4,4710,,2195-0008
G4,4712,0531-7479,1432-1092
G4,4713,0429-2766,
G4,4714,0999-193X,1297-9686
G4,4714,0754-0264,2056-4562
G4,4714,0003-4002,2056-4554
G4,4715,1264-7527,1950-6368
G4,4716,1253-7020,1952-4048
G4,4716,2115-3310,2115-5631
G4,4717,1147-9213,1958-556X
G4,4718,2542-4467,2542-3606
G4,4719,2431-3203,2491-7028
G4,4720,0242-3960,2214-9368
G4,4722,0029-4888,2680-4999
G4,4723,1959-7568,2213-1671
G4,4723,1297-9570,1878-3597
G4,4724,1627-4830,2214-0913
G4,4725,0985-0562,1768-3092
G4,4726,,1638-5705
G4,4726,,1638-5705
G4,4727,1954-3204,1954-3212
G4,4729,2272-6977,2257-6614
G4,4729,1258-8210,1950-697X
G4,4730,2429-7100,2270-518X
G4,4733,0021-7824,1776-3371
G4,4735,1634-4561,2648-2789
G4,4736,0987-7983,1777-5981
G4,4737,0758-1882,2212-5213
G4,4737,2214-5672,2214-5680
G4,4738,0291-1981,1952-4064
G4,4739,1878-7762,1878-7770
G4,4740,1269-1763,1878-092X
G4,4741,0033-2984,1873-7277
G4,4742,1246-7405,2118-8572
G4,4742,0989-5558,2547-5819
G4,4744,0033-8451,1769-700X
G4,4748,0026-1181,2107-0830
G4,4749,,2431-8736
G4,4751,1249-8947,2558-7927
G4,4754,0035-2829,1951-6827
G4,4767,1147-7806,1777-5922
G4,4768,0989-6023,2606-6165
G4,4771,0755-7884,2606-619X
G4,4773,1629-4475,2269-8418
G4,4778,2258-8051,2606-6041
G4,4778,1240-1684,2547-5711
G4,4779,1767-6827,2606-5827
G4,4781,0751-4239,2605-8359
G4,4781,0751-4220,2967-3674
G4,4782,1774-9425,2558-782X
G4,4784,1622-2032,2117-4520
G4,4798,,2553-9221
G4,4798,,2553-9221
G4,4799,,2617-2399
G4,4813,,2551-0819
G4,4813,,2551-0819
G4,4814,2269-0182,2650-7684
G4,4816,,2606-7498
G4,4816,1296-4077,2547-5746
G4,4816,,2606-7498
G4,4819,2309-1290,2306-4161
G4,4843,0778-8738,2728-7300
G4,4844,2496-4956,2608-0737
G4,4845,2427-4062,2608-0753
G4,4849,1359-5997,1871-6873
G4,4850,2116-9683,2608-0958
G4,4851,,2102-5754
G4,4855,0223-3711,2391-114X
G4,4858,,2556-1944
G4,4865,0123-885X,1900-5180
G4,4869,0765-0477,2606-1066
G4,4870,,2557-0633
G4,4872,,2104-3353
G4,4872,,2104-3353
G4,4874,,2105-0368
G4,4874,,2970-989X
G4,4875,1254-5740,2648-6334
G4,4876,1957-5173,
G4,4877,0557-6989,3000-4411
G4,4878,1968-035X,2803-5992
G4,4879,0399-1989,2649-860X
G4,4880,2493-8637,2534-7462
G4,4882,1635-7922,1635-7930
G4,4901,1763-0398,3038-9879
G4,4901,1958-7236,
G4,4901,0768-9284,3039-0117
G4,4914,0181-0529,2493-8653
G4,4938,,2649-7395
G4,4939,,2558-1465
G4,4939,,2558-1465
G4,5012,1778-3798,1778-381X
G4,5012,1760-4133,1765-2863
G4,5033,,2551-2927
G4,5041,1951-5995,1951-6002
G4,5049,2678-6524,2801-4324
G4,5049,1965-0833,1965-0841
G4,5127,1634-7803,1164-0235
G4,5137,0769-2609,1878-2094
G4,5137,0923-2508,1769-7123
G4,5162,0992-5945,1878-4151
G4,5167,0338-9898,1768-3106
G4,5167,1773-035X,1773-0368
G4,5197,,2556-8779
G4,5197,,2556-8779
G4,5206,2033-7019,2295-9106
G4,5254,1245-2300,2613-2699
G4,5255,0771-5420,2953-0911
G4,5256,,2593-4937
G4,5259,,2115-7251
G4,5259,,2115-7251
G4,5268,2210-8491,2210-8505
G4,5271,1538-7887,2214-1766
G4,5273,2405-9021,2352-6386
G4,5279,2416-5182,2261-2424
G4,5295,,2493-9439
G4,5295,3097-0067,2493-9439
G4,5296,1294-4475,1953-8189
G4,5296,,2804-7699
G4,5296,0020-2274,2777-3566
G4,5296,,2804-7699
G4,5302,,2426-8887
G4,5302,,2426-8887
G4,5303,,2050-490X
G4,5305,0035-1865,1951-6711
G4,5309,1252-607X,1776-1042
G4,5309,0003-4150,2772-4042
G4,5311,1462-7264,1365-8050
G4,5316,0397-2844,2613-2729
G4,5319,,2492-6035
G4,5319,,2492-6035
G4,5320,2257-7777,2257-7750
G4,5320,1296-2139,1765-2960
G4,5336,0366-3248,2772-977X
G4,5336,0037-9328,2772-9788
G4,5336,0150-9640,2419-686X
G4,5336,0180-9210,2772-9796
G4,5351,1149-6630,2609-6420
G4,5352,1518-2002,2175-3709
G4,5359,0984-2616,2613-2702
G4,5361,,2607-4427
G4,5363,,2609-6609
G4,5365,,2239-625X
G4,5366,2030-5974,2953-111X
G4,5380,2335-1535,2335-1853
G4,5381,,2038-3215
G4,5382,0867-0633,2545-2061
G4,5406,,2647-4840
G4,5407,0987-4135,1968-3723
G4,5458,,2610-3540
G4,5464,0755-9232,2967-364X
G4,5464,0767-8436,2557-048X
G4,5465,0223-3843,1773-0317
G4,5494,,1913-536X
G4,5495,0373-1928,2669-6568
G4,5496,2117-4350,2262-9815
G4,5498,0082-6847,1783-1822
G4,5499,1645-0639,2182-3030
G4,5500,,2557-8839
G4,5500,,2557-8839
G4,5559,,2108-7121
G4,5579,1776-7784,2649-910X
G4,5579,1260-3910,2669-3240
G4,5610,0999-2138,2262-4279
G4,5692,1968-469X,2534-4358
G4,5692,0249-647X,2678-6567
G4,5709,2031-3098,2507-0312
G4,5748,2116-1747,2650-2623
G4,5758,0759-2280,1765-2855
G4,5761,1624-8597,1765-2847
G4,5762,1260-5875,2116-7060
G5,5767,2496-6142,2678-7385
G5,5767,1624-0693,1951-6959
G5,5767,1164-6756,1951-6940
G5,5768,0240-8813,2116-5912
G5,5769,1960-2081,2116-7206
G5,5770,0752-4072,2116-5920
G5,5777,,2276-3538
G5,5777,,2276-3538
G5,5786,,2261-0871
G5,5797,,2490-9424
G5,5797,,2490-9424
G5,5798,0181-0626,3038-9895
G5,5798,0300-9386,3038-9909
G5,5798,1280-9551,1638-9387
G5,5799,,2553-8756
G5,5805,,2491-6765
G5,5864,0570-1600,2261-4478
G5,5865,1162-5740,2801-4553
G5,5866,1247-6862,2802-3080
G5,5867,0337-0569,2802-0375
G5,5868,2108-1433,2554-4098
G5,5869,1149-3747,2437-2293
G5,5869,1149-3755,2437-2307
G5,5871,1767-4603,2802-2971
G5,5881,,2491-1437
G5,5881,,2491-1437
G5,5916,0754-9296,2802-1045
G5,5977,0765-1597,1778-4131
G5,5992,1630-4586,2295-9157
G5,6010,0019-0209,1968-3855
G5,6011,0071-8343,1968-3847
G5,6033,0757-2271,
G5,6076,2257-5529,2262-3450
G5,6077,,2494-2782
G5,6077,,2494-2782
G5,6079,,1646-5237
G5,6154,0037-928X,2540-2641
G5,6154,2022-1606,2419-5308
G5,6178,2071-7245,2790-1076
G5,6195,,2709-1732
G5,6242,1878-6480,1878-6502
G5,6251,2608-239X,
G5,6285,,2428-2871
G5,6285,,2428-2871
G5,6292,0397-6521,2678-6176
G5,6323,2679-3873,2706-6274
G5,6340,,2644-9463
G5,6341,,2426-8399
G5,6350,1772-3760,2728-445X
G5,6376,,2736-2337
G5,6376,,2736-2337
G5,6379,1633-1117,2275-2676
G5,6382,1950-974X,2823-0809
G5,6382,,2534-7683
G5,6405,1761-4961,2295-970X
G5,6428,1762-4304,2802-3811
G5,6430,1775-8696,2507-0487
G5,6441,0928-4249,1297-9716
G5,6473,1951-1787,
G5,6475,2104-9246,
G5,6478,1285-8412,2802-1274
G5,6524,0035-3620,2295-9696
G5,6525,0365-0138,1286-4846
G5,6526,0365-4877,1286-482X
G5,6527,1627-3583,1627-3591
G5,6527,0003-424X,1297-9651
G5,6528,0001-7817,1760-611X
G5,6529,0254-0223,2416-3953
G5,6530,,2557-0250
G5,6530,,2557-0250
G5,6531,0248-1294,1625-967X
G5,6532,0399-0540,2777-3337
G5,6532,0397-9326,2777-3361
G5,6532,0988-3754,1290-385X
G5,6532,,2804-7346
G5,6532,,2804-7346
G5,6533,1000-2758,2609-7125
G5,6535,,2608-1326
G5,6535,1273-2761,2105-1011
G5,6535,,2608-1326
G5,6536,1154-2799,2777-3558
G5,6537,0973-5348,1760-6101
G5,6538,2108-2219,2496-1558
G5,6539,2823-2283,2823-3980
G5,6541,,2110-5715
G5,6541,,2110-5715
G5,6542,1768-9775,2269-8906
G5,6542,2118-5654,2269-8876
G5,6543,0035-3035,2669-3224
G5,6544,0003-388X,3038-9984
G5,6544,0181-1916,3038-9992
G5,6544,0926-5287,1297-9708
G5,6547,0037-9360,2259-5295
G5,6547,1953-793X,2102-6777
G5,6548,1625-6484,1627-4784
G5,6551,0302-0738,2777-3396
G5,6551,0368-3842,2777-3442
G5,6569,2261-4591,2678-5420
G5,6572,1015-7344,2262-7197
G5,6573,,2105-2735
G5,6573,,2105-2735
G5,6579,2417-4211,2276-0970
G5,6668,0184-1025,2802-0022
G5,6677,2280-7853,2239-4028
G5,6730,1955-6713,1956-8800
G5,6731,,2497-3610
G5,6732,0298-6477,2117-7155
G5,6823,,2558-7935
G5,6842,,2418-1838
G5,6848,0037-9212,2673-7337
G5,6849,1266-4618,2802-3633
G5,6857,0029-4802,2496-4980
G5,6864,1972-2516,2037-7746
G5,6865,1645-2089,2183-3575
G5,6909,,2680-4972
G5,6909,,2680-4972
G5,6951,0755-5857,2111-4544
G5,6953,,2557-2652
G5,6954,,2606-0442
G5,6969,2270-0633,2534-6695
G5,6969,,
G5,6969,,3074-5136
G5,6970,1377-1256,2684-3080
G5,6971,1279-7243,2728-3313
G5,6972,2552-8831,2728-7599
G5,6973,1297-8094,2802-4214
G5,6975,0767-7367,2540-3621
G5,6976,1241-0691,2802-0677
G5,6983,2679-2060,2650-5614
G5,7015,,2280-8574
G5,7025,,2268-977X
G5,7025,,2268-977X
G5,7027,,2552-1160
G5,7031,0240-8805,2803-9130
G5,7032,0996-6560,2802-0650
G5,7056,0035-2403,2269-479X
G5,7058,1763-5985,2728-7564
G5,7064,,2540-6647
G5,7064,,2540-6647
G5,7074,,1969-6124
G5,7074,,1969-6124
G5,7075,2532-6457,2611-934X
G5,7087,2680-9605,2728-3429
G5,7091,,2269-0271
G5,7091,,2269-0271
G5,7092,,2108-6745
G5,7094,1959-2248,2803-9580
G5,7094,1624-6349,2803-9556
G5,7117,2609-5653,2967-0721
G5,7129,,2732-6535
G5,7134,1245-2491,2966-8158
G5,7138,,2495-3911
G5,7140,,2607-9917
G5,7141,1875-6891,1875-6883
G5,7153,1254-7867,2534-5168
G5,7154,1278-334X,2534-5184
G5,7156,2261-3595,2269-9554
G5,7157,0024-7324,2953-1438
G5,7158,2644-9633,2728-9915
G5,7159,1281-0797,2728-5014
G5,7192,0396-4841,2728-4255
G5,7236,2608-5739,2971-1126
G5,7255,,2534-7535
G5,7255,,2534-7535
G5,7261,1362-024X,1752-2307
G5,7262,0397-2062,2503-7714
G5,7266,2648-2339,2729-0441
G5,7269,0768-2352,2648-2347
G5,7294,,2273-872X
G5,7297,0295-5245,2728-4395
G5,7303,1027-4820,2105-1143
G5,7372,,2724-7430
G5,7372,,2724-7430
G5,7402,0035-2365,2540-2536
G5,7452,2466-7609,2728-7068
G5,7468,,2497-2118
G5,7549,,2263-7494
G5,7589,0249-8731,2968-1669
G5,7598,1633-0749,2803-922X
G5,7599,1155-4363,2104-3744
G5,7601,1295-912X,2610-198X
G5,7607,2658-9222,
G5,7612,0035-2160,2796-1540
G5,7616,0303-240X,2492-7988
G5,7618,0259-7373,2731-2046
G5,7628,2417-1603,
G5,7643,,2426-394X
G5,7643,,2426-394X
G5,7675,1265-6534,2270-7042
G5,7735,1960-8527,2492-7112
G5,7738,1966-5105,2492-895X
G5,7759,0153-8756,1775-4100
G5,7800,,1638-556X
G5,7802,,2609-2484
G5,7806,2273-774X,2273-7766
G5,7806,,2824-3633
G5,7810,0756-7138,2804-7397
G5,7831,1241-2759,2802-0529
G5,7831,0046-2659,2540-3303
G5,7834,,2644-9676
G5,7865,,2552-2078
G5,7865,,2552-2078
G5,7889,0394-1248,1972-5477
G5,7974,1274-1728,2648-0093
G5,7990,,2708-7034
G5,7999,0220-665X,3000-9227
G5,8018,,2555-6231
G5,8061,1270-2412,2727-9383
G5,8202,,2729-3548
G5,8204,0292-0328,2725-2124
G5,8206,1517-6088,2317-1456
G5,8207,2681-6792,2803-9513
G5,8208,2240-774X,2039-4985
G5,8259,,2571-7936
G5,8273,,2557-9959
G5,8274,0183-6080,2557-9851
G5,8275,,2680-4905
G5,8331,1293-8505,2352-8249
G5,8604,,2801-2305
G5,8604,,2801-2321
G5,8755,0153-4092,2267-490X
G5,8757,2780-8572,2740-5826
G5,8764,2269-9635,2493-920X
G5,8766,,2779-2765
G5,8766,,2779-2765
G5,8787,,
G5,8800,0585-5292,1958-5705
G5,8825,0038-0814,2214-9260
G5,8828,0338-781X,2779-1726
G5,8841,,2732-687X
G5,8842,1639-6936,2968-1103
G5,8891,0981-1966,2779-1556
G5,8905,0484-8616,1783-175X
G5,9061,,2499-4553
G5,9192,2110-7130,2777-5909
G5,9197,,2779-1106
G5,9197,,2779-1106
G5,9198,2742-8885,2779-1769
G5,9199,2496-9087,2779-1920
G5,9235,,2556-5125
G5,9235,,2556-5125
G5,9262,1778-9605,
G5,9294,0365-1444,2437-3621
G5,9294,0003-3936,2419-6312
G5,9344,2116-1321,2116-133X
G5,9369,0021-7689,1878-7169
G5,9370,0398-7604,2110-5405
G5,9371,0337-9736,2110-543X
G5,9372,0040-5957,1958-5578
G5,9373,1966-5202,1954-3395
G5,9373,0078-6608,
G5,9373,0078-6608,
G5,9379,1155-4320,1286-4897
G5,9379,0035-1687,2777-3671
G5,9379,0151-0835,
G5,9379,1160-8161,
G5,9379,1160-8161,
G5,9379,0151-0835,
G5,9382,0368-3893,2507-6485
G5,9383,0370-3223,2437-2455
G5,9384,1155-4304,1286-4862
G5,9385,1155-4312,1286-4870
G5,9426,,2967-9672
G5,9428,1624-5458,2118-9242
G5,9429,0752-0360,2118-9366
G5,9430,,2777-5860
G5,9431,,2108-7164
G5,9432,3076-8713,2266-0607
G5,9433,,2105-0597
G5,9435,,2426-0312
G5,9437,,2261-8589
G5,9439,,2110-5820
G5,9476,,2431-6563
G5,9476,,2431-6563
G5,9480,0005-0970,2778-5858
G5,9480,0338-7259,2778-5866
G5,9480,0249-2563,2778-5874
G5,9481,,2681-4617
G5,9481,,2681-4617
G5,9482,1142-2785,1760-4826
G5,9526,,1990-2573
G5,9559,2101-4787,2779-279X
G5,9576,,2778-8628
G5,9576,,2778-8628
G5,9597,1166-2654,1760-5377
G5,9630,0003-5521,1873-5827
G5,9646,1166-3243,2804-1224
G5,9649,0708-2398,2607-8988
G5,9651,1960-8748,2116-7141
G5,9651,1762-8792,2437-2358
G5,9652,0035-3787,2213-0004
G5,9653,0761-8425,1776-2588
G5,9654,1877-1203,1877-122X
G5,9655,1169-8330,1768-3130
G5,9657,0001-4001,1878-3775
G5,9671,0035-1598,1873-4413
G5,9672,0035-1040,1776-2553
G5,9672,1877-0517,1877-0525
G5,9673,,2727-8131
G5,9675,1876-2204,1876-2212
G5,9676,0035-2977,2213-946X
G5,9676,1140-4639,1878-2167
G5,9676,0338-4535,1878-2183
G5,9676,0372-1248,1878-2000
G5,9676,1246-7820,1953-8022
G5,9677,1267-8694,1950-6961
G5,9729,0034-1843,2420-6318
G5,9816,,2801-0159
G5,9859,0570-1953,
G5,9893,0003-9667,2419-6347
G5,9897,0152-9668,1878-3791
G5,9904,,2492-0983
G5,9905,,2428-7245
G5,9905,,2428-7245
G5,9953,1961-3865,2823-0310
G5,10209,0986-1653,2801-216X
G5,10232,0292-0980,2269-871X
G5,10232,0555-9189,2269-8647
G5,10232,0245-9000,2269-8655
G5,10232,0766-0677,2269-8671
G5,10232,2024-9543,2269-8612
G5,10256,2646-6546,2678-0631
G5,10258,2743-3145,2822-8693
G5,10260,2101-6429,2801-4537
G5,10324,,2105-0929
G5,10324,,2105-0929
G5,10339,,2183-2633
G5,10409,1420-2530 1626-6455,1778-3631
G5,10410,0221-5004,
G5,10412,0035-1849 0373-2622,1783-1733
G5,10413,0035-1776 1164-6667,1955-2343
G5,10413,0997-0541,2419-9893
G5,10415,2105-665X,
G5,10460,0292-8000,2804-4533
G5,10482,1773-6773,2804-6153
G5,10486,,1961-8875
G5,10487,,2667-2782
G5,10492,1159-7151,1955-8392
G5,10527,2551-895X,2727-0831
G5,10561,0154-9049,3039-6107
G5,10570,1140-9304,2118-8254
G5,10822,1768-9791,2426-3974
G5,10825,,2742-1929
G5,10877,1879-3991,1879-4009
G5,10927,,2647-3135
G5,10927,,2647-3135
G5,10948,0080-2603,1967-6182
G5,11007,1272-6117,2275-5624
G5,11012,0373-3025,2419-8145
G5,11022,,2649-3055
G5,11022,,2649-3055
G5,11043,0453-3429,1783-1563
G5,11067,2273-5097,
G5,11154,0080-2549,1783-1741
G5,11183,2803-6395,2800-874X
G5,11184,,2270-0765
G5,11184,,2270-0765
G5,11200,1278-3358,2823-1554
G5,11256,1155-3626,2823-152X
G5,11270,,2800-8669
G5,11324,2270-6410,2968-7764
G5,11367,0370-4688,2213-8889
G5,11367,0035-2845,2824-5792
G5,11367,1877-0312,1877-0320
G5,11367,0335-7457,1768-3149
G5,11431,2556-6059,3039-0206
G5,11431,2556-6059,3039-0206
G5,11455,1253-9392,2777-2055
G5,11456,,2780-4143
G5,11456,,2780-4143
G5,11457,,2742-9318
G5,11458,,2261-0758
G5,11477,,2804-7370
G5,11478,,2430-3038
G5,11480,,2726-6141
G5,11595,2822-7840,2804-7214
G5,11595,0399-0516,2777-3477
G5,11595,0397-9342,2777-3493
G5,11595,0764-583X,1290-3841
G5,11618,,2726-0399
G5,11624,1952-3262,2102-6572
G5,11819,,2804-5866
G5,11879,1253-5044,2971-4109
G5,11896,,2802-9356
G5,11898,,2970-166X
G5,11899,,2804-8598
G5,11970,2275-1599,2967-5561
G5,12129,0240-7418,2966-7119
G5,12194,,2741-2318
G5,12208,1265-0692,2970-2410
G5,12209,0297-6234,1968-3006
G5,12239,0775-0196,2953-2000
G5,12248,1762-4630,2534-5222
G5,12251,2805-1548,2967-4972
G5,12268,,2967-1833
G5,12354,0153-9124,2802-1665
G5,12406,,2782-0181
G5,12413,,2742-9660
G5,12414,,2741-5511
G5,12522,0981-9118,2967-1744
G5,12541,,3076-470X
G5,12561,2824-0391,2968-8477
G5,12575,1262-3075,2802-1681
G5,12577,0072-0100,2823-1996
G5,12579,1149-3720,2437-2285
G5,12599,0999-1573,2801-9962
G5,12601,0224-3776,2419-7270
G5,12607,0374-5465,2591-8877
G5,12607,2114-978X,2824-4869
G5,12607,1627-3516,2823-2437
G5,12607,0373-6636,2823-2372
G5,12613,0399-1725,2823-2429
G5,12618,1966-6845,2110-560X
G5,12621,2554-5280,2970-0248
G5,12621,0366-1326,2613-2958
G5,12633,1160-6398,2613-2923
G5,12633,1160-6401,2613-2885
G5,12633,1160-638X,2613-2915
G5,12633,1160-6371,2613-2907
G5,12634,1160-6444,2613-2931
G5,12652,1160-6436,2613-2877
G5,12654,1160-641X,2613-2869
G5,12661,0301-8644,2273-2799
G5,12662,1297-7810,2802-1517
G5,12663,1959-9927,2547-3956
G5,12663,1764-4399,2547-4146
G5,12663,0180-9997,2547-3948
G5,12664,0247-8897,2419-7475
G5,12666,1267-9003,2546-910X
G5,12667,1149-865X,2802-2106
G5,12668,1149-8684,2802-2157
G5,12670,0037-2560,2613-2761
G5,12670,0302-2692,2613-277X
G5,12673,0183-7443,2547-4057
G5,12673,1267-9240,2269-9155
G5,12674,0183-7435,2823-1910
G5,12675,0183-7451,2547-409X
G5,12693,,2666-9641
G5,12694,,2666-9676
G5,12695,,2666-9706
G5,12696,,2772-4174
G5,12697,,2772-5286
G5,12700,,2804-3871
G5,12706,0984-5372,2823-1821
G5,12707,0395-8418,2823-8931
G5,12708,2744-0303,2261-4559
G5,12718,0750-9170,3040-1070
G5,12737,1259-6744,2420-5591
G5,12737,1259-6736,2420-5583
G5,12758,2490-5518,2268-3054
G5,12759,,2649-9630
G5,12759,,2649-9630
G5,12768,,2534-5893
G5,12787,2028-5663,
G5,12882,2257-5650,3074-7899
G5,12920,1637-6757,2155-6415
G5,12996,0397-9350,2669-3216
G5,12996,0376-2165,2669-3208
G5,12996,0399-0559,1290-3868
G5,12996,,2804-7303
G5,12996,,2804-7303
G5,13030,0575-061X,1767-431X
G5,13032,1281-704X,1768-9031
G5,13035,0523-0535,1955-9917
G5,13040,1275-2193,2613-2710
G6,13044,1636-869X,1764-7800
G6,13047,0758-864X,1777-8336
G6,13090,2966-957X,2826-777X
G6,13095,2265-1306,2261-8562
G6,13145,,2427-0466
G6,13145,,2427-0466
G6,13148,0121-1617,1900-6152
G6,13149,,2825-9696
G6,13155,0335-2927,
G6,13157,0035-2195,2540-3362
G6,13170,0572-7405,2419-8404
G6,13224,2802-9526,2968-0336
G6,13406,1507-4153,2719-4191
G6,13468,2112-6984,2967-1388
G6,13514,,2802-7329
G6,13521,2553-3851,2968-1138
G6,13523,2739-3623,2968-904X
G6,13552,1777-2044,1952-4196
G6,13633,,1953-7476
G6,13633,,1953-7476
G6,13658,,1760-6659
G6,13658,,1760-6659
G6,13706,,3001-0985
G6,13710,1291-9527,2968-0522
G6,13711,2826-7222,2825-8436
G6,13712,2103-8570,2968-1286
G6,13718,,2260-2534
G6,13718,,2260-2534
G6,13721,,2826-1305
G6,13742,2740-8701,2824-1592
G6,13743,3002-4935,2824-1614
G6,13744,,2824-169X
G6,13744,,2824-169X
G6,13749,,2826-3049
G6,13749,,2826-3049
G6,13750,1964-9002,2967-5545
G6,13751,,2968-3556
G6,13751,,2968-3556
G6,13760,,2826-9497
G6,13770,,2824-1908
G6,13949,1372-7281,
G6,14094,1965-0566,2966-9073
G6,14094,0430-3024,2966-8948
G6,14096,0983-6500,2967-4174
G6,14097,0151-301X,2823-250X
G6,14098,0764-4639,2823-1589
G6,14100,0336-8459,2823-1945
G6,14102,1169-2537,2966-9235
G6,14144,2743-2742,2263-4746
G6,14158,0761-9871,2967-3593
G6,14234,2967-6266,2967-3666
G6,14259,2780-1993,
G6,14259,2780-1993,3074-3117
G6,14358,1270-9530,2680-2678
G6,14615,,
G6,14615,,3076-9019
G6,14616,0301-0422,2107-6952
G6,14752,0031-0514,2719-5376
G6,14826,2967-0837,2968-0115
G6,14850,,2968-0263
G6,14854,,2967-767X
G6,14911,1952-8094,2971-1142
G6,14976,0997-7538,1873-7285
G6,14977,0997-7546,1873-7390
G6,15032,0873-9870,2183-3176
G6,15056,,2740-4277
G6,15056,,2740-4277
G6,15057,2097-1168,2097-1400
G6,15060,0870-6352,2183-0363
G6,15061,,2740-4218
G6,15061,,2740-4218
G6,15065,2097-2121,2826-1275
G6,15067,,1941-7411
G6,15076,1007-1202,1993-4998
G6,15131,2557-521X,
G6,15353,,2968-3912
G6,15362,2826-4029,2970-4197
G6,15470,0529-4975,3003-4361
G6,15523,1120-0413,2385-0752
G6,15562,0521-7032,3039-340X
G6,15562,1245-9291,3039-337X
G6,15562,1765-2480,3039-3434
G6,15605,,2970-3174
G6,15628,,3000-9146
G6,15630,,2592-5709
G6,15632,,2823-8613
G6,15667,0575-2124,2802-2645
G6,15683,2571-7723,2571-967X
G6,15777,1253-8256,2970-5061
G6,15841,0009-5834,2534-2169
G6,15944,0242-6838,2725-9293
G6,15959,,2970-2879
G6,15982,1766-7313,2772-8056
G6,15984,0003-3995,1768-3211
G6,15984,1769-7212,1878-0849
G6,15985,0241-6972,2214-9295
G6,15986,1166-3413,2772-8048
G6,15987,1770-9857,2214-9449
G6,15988,2666-9927,2666-9919
G6,15988,0399-077X,1769-6690
G6,15989,0990-1310,2214-9384
G6,15990,,2667-0089
G6,15991,1166-7087,2405-5131
G6,15992,1164-5563,1778-3615
G6,15993,1258-780X,2468-5267
G6,15994,1268-6034,2214-9341
G6,15995,1957-2557,2214-8477
G6,15996,1259-4792,2214-9325
G6,15997,1766-7305,2468-5291
G6,15998,1262-4586,2452-1914
G6,16005,2782-0785,2971-3099
G6,16012,1761-676X,2405-514X
G6,16064,,2105-1100
G6,16103,,2804-7338
G6,16167,,2237-2660
G6,16314,1972-4527,1973-9370
G6,16331,2820-7378,
G6,16479,1145-2684,
G6,16479,1145-2684,
G6,16497,0154-7763,2966-9154
G6,16497,1622-3314,2966-9227
G6,16499,2022-0790,2967-7173
G6,16500,1280-8202,2741-4884
G6,16502,1168-3651,2967-719X
G6,16549,,2110-5855
G6,16550,,1961-9731
G6,16552,,2114-1053
G6,16553,,2114-706X
G6,16572,0181-1525,
G6,16572,0181-1525,
G6,16601,1637-3065,2970-0825
G6,16602,1777-7232,2970-0892
G6,16603,1767-5081,2970-0868
G6,16604,0022-1058,2969-8960
G6,16630,,2610-2609
G6,16639,,2969-2431
G6,16710,1167-4733,3036-8227
G6,16900,2650-8427,2650-698X
G6,16900,2553-2367,1952-4102
G6,16901,,2970-5592
G6,16902,2780-8858,2780-8866
G6,17126,0988-4319,
G6,17200,2022-8635,2390-2191
G6,17273,,2999-9154
G6,17401,2646-5043,2739-7939
G6,17404,0398-3064,2437-2439
G6,17405,0752-5656,2104-3914
G6,17523,0999-9809,
G6,17523,0249-6208,
G6,17526,1272-9949,2608-3515
G6,17532,1286-5494,1952-4188
G6,17533,0037-962X,2540-329X
G6,17535,1566-0338,
G6,17537,0999-7385,1950-6104
G6,17543,1240-4543,2817-8769
G6,17552,0035-1555,2258-0646
G6,17553,0930-1038,1279-8517
G6,17555,1955-2513,1955-2505
G6,17556,0378-7966,2107-0180
G6,17557,0992-4361,1873-3751
G6,17557,1293-2558,1873-3085
G6,17558,1960-6206,1960-6214
G6,17559,0947-3580,1435-5671
G6,17560,2260-1341,2273-4309
G6,17562,,1877-0568
G6,17563,0223-5234,1768-3254
G6,17564,1290-0729,1778-4166
G6,17564,0035-3159,1879-2049
G6,17565,1776-2596,1776-260X
G6,17566,1270-9638,1626-3219
G6,17567,1265-4906,1248-9204
G6,17568,1774-024X,1969-6213
G6,17569,1294-8322,1958-5969
G6,17611,0981-9428,1873-2690
G6,17614,1773-2247,2588-8943
G6,17627,,3000-8018
G6,17627,,3000-8018
G6,17664,0221-3486,3000-6597
G6,17673,1157-5069,3000-7755
G6,17703,2658-9869,2716-7372
G6,17734,0037-9514,2419-6568
G6,17735,0583-8789,2437-2404
G6,17736,0373-5451,2437-2390
G6,17816,1778-042X,2970-5983
G6,17833,0758-3737,2552-3007
G6,17917,2941-3524,2509-4750
G6,17946,1769-9592,3002-7632
G6,18109,,2801-9083
G6,18257,,2557-826X
G6,18739,0085-1892,2983-855X
G6,18745,,2556-4161
G6,18745,,2556-4161
G6,18824,,
G6,18826,1245-2394,3039-2195
G6,19044,3039-8738,3036-2342
G6,19502,,2772-6525
G6,19503,2649-5090,3036-2466
G6,19555,2270-1109,3039-2330
G6,19597,,3036-2490
G6,19933,2727-232X,3003-437X
G6,20132,,3036-7824
G6,20234,1776-0259,3036-0870
G6,20272,2646-8301,
G6,20300,1634-0825,1634-0531
G6,20310,,3003-4434
G6,20317,0183-4681,2592-3633
G6,20330,,3036-1974
G6,20330,,3036-1974
G6,20431,,3037-4227
G6,20431,,3037-4227
G6,20432,3003-1516,3037-426X
G6,20445,2275-7570,3001-4956
G6,20448,,2949-8899
G6,20470,1159-7941,3038-799X
G6,20558,,3037-5592
G6,20603,,3003-5430
G6,20747,2535-9371,2658-9532
G6,20748,2953-1683,2953-1691
G6,20749,1376-3954,
G6,20750,,
G6,20751,2738-9405,2738-9413
G6,20752,2030-2568,
G6,20762,0399-9742,
G6,20762,0399-9742,
G6,20783,2607-9984,2781-1263
G6,20827,1269-3286,1279-8509
G6,20831,0984-9912,
G6,20841,1275-6229,2425-6404
G6,20846,0373-062X,3036-9525
G6,20846,1245-687X,3036-9444
G6,20847,0750-7224,3036-9436
G6,20847,1245-6861,3036-9029
G6,20848,0750-7232,3036-969X
G6,20885,1955-8228,2263-3545
G6,20977,2795-708X,2795-7098
G6,21006,1663-9383,1663-9391
G6,21131,,3038-5733
G6,21131,,3038-5733
G6,21169,,2590-2415
G6,21170,1762-4215,1778-4093
G6,21170,1283-0828,
G6,21172,,3038-5342
G6,21180,0020-2452,1878-5581
G6,21183,0037-8941,3040-0619
G6,21189,,2590-2504
G6,21197,1148-0904,
G6,21197,1148-0904,
G6,21217,,2823-2550
G6,21241,0766-799X,2823-1767
G6,21325,1279-7707,1760-4788
G6,21340,1635-0871,3039-1024
G6,21494,,3039-4570
G6,21549,1779-7179,1958-5829
G6,21549,1250-6559,2576-6023
G6,21553,,1432-1068
G6,21555,1776-9671,2268-5278
G6,21563,1769-6704,2772-7769
G6,21564,1760-2734,1875-0834
G6,21566,1639-4488,1751-908X
G6,21566,0150-5505,
G6,21578,1762-570X,1778-6916
G6,21580,,1769-6852
G6,21582,,1762-567X
G6,21585,,1769-6860
G6,21587,1772-9890,1772-9904
G6,21587,,2263-8733
G6,21588,0769-2617,1879-2820
G6,21588,0923-2516,1879-1417
G6,21590,0769-2625,1878-2086
G6,21590,0923-2494,1879-1425
G6,21591,1286-4579,1769-714X
G6,21593,,
G6,21597,0249-633X,2275-3230
G6,21657,2802-3293,3039-3922
G6,21657,0989-4322,
G6,21760,,2726-484X
G6,21809,0003-5017,1879-1816
G6,21812,,2211-5684
G6,21908,1967-5615,2552-4658
G6,21909,1877-7856,2214-9457
G6,21917,2772-7440,2772-7432
G6,21934,1957-7729,1957-7737
G6,21936,1950-2184,2100-0697
G6,21944,,3073-3707
G6,21951,1778-3712,1778-3720
G6,21954,2468-9130,2468-9114
G6,21956,1769-7344,2213-6770
G6,21957,1778-4298,1778-4301
G6,21980,0366-4600,2507-6442
G6,21982,2824-8074,2824-1843
G6,21983,0150-536X,2056-7162
G6,21983,0335-7368,2049-9817
G6,21983,0029-4780,
G6,21984,1258-5769,
G6,22014,0031-0247,2274-0333
G6,22015,,2274-0422
G6,22019,2425-617X,2782-1285
G6,22022,,2647-4832
G6,22031,0003-4401,1768-3378
G6,22032,1965-0817,1965-0825
G6,22097,1290-0958,1879-1921
G6,22098,0003-3049,
G6,22107,1268-7731,1460-9584
G6,22108,1772-9416,1951-655X
G6,22109,0998-3953,1961-9138
G6,22142,2265-1071,1775-4240
G6,22148,0767-8193,2726-8101
G6,22150,,2726-0844
G6,22160,1768-6733,2116-7176
G6,22162,1772-1792,1776-3215
G6,22168,,2496-1868
G6,22173,,2261-7434
G6,22174,,2966-6864
G6,22202,0300-4937,3075-1829
G6,22204,0994-3919,2726-8195
G6,22205,1146-609X,1873-6238
G6,22209,0298-6248,1625-9718
G6,22211,0299-2213,2352-3832
G6,22252,1279-8479,1878-5743
G6,22252,0923-2524,1872-9290
G6,22253,2552-9137,3073-5734
G6,22258,0183-2980,2214-9473
G6,22299,1149-6576,1950-6937
G6,22340,,2823-989X
G6,22545,1240-4535,
G6,22940,1762-4185,1778-4077
G6,22941,0014-827X,1879-0569
G6,22950,1634-0760,
G6,22956,0300-9084,1638-6183
G6,23090,1775-2515,2547-4588
G6,23180,0304-5722,
G6,23184,0366-3388,2391-1298
G6,23186,,1760-8716
G6,23189,,2352-8028
G6,23192,2270-1419,3075-9390
G6,23238,0246-0289,1638-6205
G6,23239,0246-0319,
G6,23273,,3073-3154
G6,23369,1762-4193,1778-6940
G6,23376,1762-4207,1778-4085
G6,23381,,2211-9698
G6,23382,1286-0107,2608-3477
G6,23384,0032-7875,2513-7972
G6,23386,2275-9131,2276-397X
G6,23387,2213-4670,2213-4689
G6,23389,0003-3944,1768-3157
G6,23391,1166-8598,1638-623X
G6,23398,1155-1941,3051-1909
G6,23402,0246-0521,3051-1917
G6,23412,1879-8551,2214-8531
G6,23413,2405-5891,2405-5905
G6,23414,1155-1968,3051-1925
G6,23420,0246-0351,
G6,23422,,3076-8721
G6,23424,2468-8509,2468-7855
G6,23424,2213-6533,2213-6541
G6,23424,0035-1768,1776-257X
G6,23448,1155-1976,1638-6221
G6,23449,0246-0343,1762-584X
G6,23450,0246-0424,3051-1941
G6,23451,1283-0798,
G6,23453,1283-0887,3051-195X
G6,23454,0246-0459,3051-1968
G6,23457,0246-1072,
G6,23458,1155-195X,
G6,23461,1879-8535,2214-8574
G6,23466,1879-8497,2214-8558
G6,23469,1155-1984,1638-6213
G6,23470,0246-0467,3051-1976
G6,23471,1286-9325,3051-1984
G6,23472,1634-6939,3051-1992
G6,23473,1241-8226,3051-200X
G6,23474,1762-0945,1638-6248
G6,23476,1282-9129,
G6,23477,1283-0771,2772-7742
G6,23478,1624-5857,2211-0666
G6,23479,0246-1064,3051-2018
G6,23480,,2211-0402
G6,23483,2667-1662,2211-033X
G6,23484,1637-5017,3051-2026
G6,23485,,2726-6818
G6,23488,1879-8543,2214-8582
G6,23489,1283-078X,2772-7750
G6,23490,1283-0801,
G6,23491,1283-081X,
G6,23494,1286-9341,2772-7815
G6,23495,1286-935X,
G6,23497,1288-3336,2214-885X
G6,23499,1291-5211,
G6,23500,1292-3036,
G6,23501,1634-7072,2772-7785
G6,23503,1634-7080,2214-9023
G6,23504,0246-0335,3051-2034
G6,23505,1634-7358,2772-7807
G6,23507,2275-9190,2276-4054
G6,23508,1776-0313,2772-7777
G6,23509,1879-8527,2214-8566
G6,23515,2275-9247,2276-4062
G6,23517,2275-9255,2276-4089
G6,23581,3001-9648,3076-8454
G6,23597,0024-7804,
G6,23600,1259-5977,
G6,23637,,3076-1468
G6,23640,2100-9511,2102-6041
G6,23641,2426-3958,2491-0929
G6,23642,,2726-8284
G6,23650,1767-3445,2826-3855
G6,23697,2606-2186,2606-4197
G6,23698,2967-6789,
G6,23699,,2556-2746
G6,23700,,2428-5544
G6,23702,,2490-9459
G6,23704,1261-9078,
G6,23705,,1954-3522
G6,23706,2215-1370,2215-1389
G6,23771,0337-6400,
G6,23774,2741-5279,3077-1196
G6,23779,1142-7833,
G6,23780,0293-4906,3076-0062
G6,23781,,2803-9076
G6,23784,,3076-6214
G6,23792,2801-0108,3076-9949
G6,23793,3075-5867,3077-0009
G6,23794,3074-5373,3076-3630
G6,23832,0928-4257,1769-7115
G6,23839,,3076-1328
G6,23934,0180-8567,2400-9016
G6,23940,,3038-0464
G6,23978,,3038-3617
G6,23982,1157-9668,
G6,23988,,3038-4400
G6,24016,,3076-3010
G6,24031,2826-6242,
G6,24048,,3076-1158
G6,24165,2504-2238,2297-1874
G6,24167,,2265-6294
G6,24168,,2742-7579
G6,24188,,2824-7116
G6,24231,,3077-2354
G6,24288,,3074-9840
G6,24292,2119-9825,
G6,24301,2650-1988,2650-3506
G6,24481,2274-5807,2426-0266
G6,24522,,3095-9705
G6,24613,,3095-8830
G6,24677,2779-5020,
G6,24699,,2534-773X
G6,24767,1762-4223,1778-4069
G6,24768,1762-5718,1777-5736
G6,24858,,3095-3200
G6,24886,,2780-0288
G6,25259,1631-0462,2102-5398
G6,25274,,2431-3653
G6,25305,0766-4451,2803-0184
G6,25305,0151-2560,2419-7009
G6,25317,1158-2871,3075-9471
G6,25317,0373-2851,3075-9757
G6,25349,0991-8388,3076-7865
G6,25374,0762-1051,3095-987X
G6,25375,2679-375X,2969-8812
G6,25398,0249-5902,3095-9063
G6,25398,1241-9257,3095-9411
G6,25412,2494-6567,3098-8284
G6,25416,2429-2672,2555-5928
G6,25425,0337-6222,3098-8322
